,Itr0_time,Itr0_acc,Itr0_conf,Itr0_aclabel
0,0.028141487389802933,0.0625,"[0.11632641 0.12217469 0.16829592 0.14501905 0.11760245 0.13304038
 0.17797992 0.16382352 0.19040602 0.14284602 0.15088548 0.10298404
 0.17636484 0.11391768 0.18497042 0.20390442 0.1755603  0.14599842
 0.16981916 0.1375992  0.16361433 0.13815181 0.15847825 0.13788877
 0.13638122 0.15054822 0.17302677 0.13934843 0.16122136 0.12539566
 0.13202773 0.12401824 0.12224256 0.1518788  0.1432788  0.18703514
 0.16631529 0.10696597 0.14072192 0.13323893 0.12275438 0.14495952
 0.12640506 0.16507542 0.16771781 0.13321427 0.12020169 0.16526031
 0.15896742 0.11497793 0.11262438 0.17241642 0.12357058 0.14148284
 0.18958552 0.13807797 0.12145346 0.20226625 0.17088108 0.18651354
 0.17086564 0.15288569 0.12191574 0.13809505]","[5 6 5 4 5 8 8 0 9 7 9 0 6 9 6 1 4 7 9 0 3 5 4 7 6 9 8 2 3 9 3 3 7 8 3 5 5
 9 6 1 4 7 4 8 7 7 1 3 0 3 2 5 4 9 3 5 4 7 0 3 7 0 2 1]"
1,1.8559396266937256e-05,0.109375,"[0.13121763 0.12916519 0.14348783 0.11614696 0.11007791 0.17639683
 0.10326022 0.12163123 0.18107294 0.11979079 0.15267268 0.10245576
 0.10376814 0.12338378 0.12202135 0.13659526 0.15317029 0.11797506
 0.1524775  0.11287974 0.1788172  0.1229907  0.14381485 0.20212354
 0.17700318 0.15203504 0.20282035 0.15021586 0.15339904 0.10754657
 0.14877474 0.13360086 0.16647112 0.13748841 0.11920873 0.17665583
 0.13946895 0.16209663 0.13013096 0.1954447  0.1450678  0.13812818
 0.12835509 0.1587576  0.10979949 0.1194656  0.20152798 0.20226496
 0.11881248 0.13066211 0.13172208 0.12005337 0.15396819 0.14581381
 0.138356   0.11166124 0.16374017 0.1123649  0.17069702 0.12046141
 0.13644294 0.12201105 0.15533675 0.14138326]","[0 1 7 2 8 8 7 8 5 1 8 7 1 3 0 5 7 9 7 4 5 9 8 0 7 9 8 2 7 6 9 4 3 9 6 4 7
 6 5 1 5 8 8 0 4 0 5 5 1 1 8 9 0 3 1 9 2 2 5 3 9 9 4 0]"
2,1.7467886209487915e-05,0.09375,"[0.11087126 0.13671802 0.13165328 0.11804965 0.15305409 0.1396414
 0.11108132 0.13134694 0.11894333 0.11470807 0.13838603 0.11978128
 0.13070764 0.12968656 0.12387595 0.12626697 0.14044785 0.12879959
 0.13202198 0.11788864 0.12696648 0.17636786 0.15842469 0.20226948
 0.1523404  0.15482369 0.11014175 0.15096352 0.11077084 0.13328487
 0.1323595  0.16027953 0.14796671 0.1409676  0.15793967 0.18787001
 0.18429114 0.19140777 0.15917154 0.13781847 0.12060293 0.1539235
 0.16999851 0.1376829  0.14759165 0.11089531 0.167326   0.13578972
 0.16131844 0.13782214 0.15713169 0.172764   0.12307897 0.12949565
 0.1778392  0.19956198 0.15753387 0.15630434 0.18001036 0.17389795
 0.19410594 0.12156653 0.15544055 0.13683304]","[8 2 7 7 0 2 2 4 3 3 1 6 1 6 4 6 7 4 7 3 8 1 3 1 4 6 5 5 7 4 5 4 9 7 7 2 3
 3 6 7 4 1 6 1 0 6 9 6 0 2 0 2 4 7 0 0 0 0 7 5 3 2 7 8]"
3,1.6782432794570923e-05,0.125,"[0.14496446 0.12276775 0.15159568 0.17481482 0.14069317 0.12159089
 0.13164108 0.14667234 0.1625315  0.12083043 0.1430625  0.14149679
 0.12723804 0.11622045 0.10842015 0.15531701 0.13717437 0.11069825
 0.10892013 0.13704675 0.10863789 0.11606865 0.18120904 0.13526888
 0.13502772 0.15196826 0.13760588 0.12603632 0.12703355 0.1302354
 0.12070072 0.18653557 0.17896709 0.15054865 0.20746532 0.18594642
 0.13954985 0.14326161 0.17216857 0.13224997 0.12549724 0.16247453
 0.1038667  0.1370029  0.14684133 0.15913053 0.13155296 0.15345052
 0.13873023 0.1590108  0.15683617 0.13694635 0.12290139 0.15974593
 0.12600276 0.13816367 0.10538779 0.15583362 0.1476046  0.13295856
 0.16560051 0.20197196 0.15366508 0.16115999]","[2 2 5 4 1 2 9 2 7 0 7 2 1 3 2 0 2 4 7 9 8 9 0 7 7 0 7 8 4 6 3 3 0 1 3 7 0
 1 3 1 4 2 3 8 4 2 3 7 8 4 3 0 9 0 0 1 0 4 4 6 7 6 1 1]"
4,1.6789883375167847e-05,0.140625,"[0.12886739 0.16738537 0.16272394 0.1044945  0.11546082 0.19085172
 0.13354082 0.1390924  0.12578365 0.13918677 0.13383783 0.1791877
 0.13199313 0.12799333 0.11198708 0.13597259 0.14797683 0.11917163
 0.1368424  0.128571   0.11032576 0.12852347 0.1913038  0.1747482
 0.17771941 0.13059892 0.14076808 0.12556675 0.13871112 0.2089997
 0.11826066 0.20505275 0.11529516 0.11582913 0.15403849 0.13942766
 0.12040824 0.15739764 0.17719842 0.15184109 0.17710347 0.19779904
 0.17768762 0.10306023 0.14425763 0.114916   0.12456071 0.14564478
 0.15175776 0.14720309 0.12640424 0.17179456 0.14908135 0.1546757
 0.14959216 0.14226793 0.18331116 0.11437028 0.17119409 0.13915795
 0.12886265 0.13207096 0.16911563 0.1760105 ]","[9 2 0 7 3 5 1 8 3 0 5 2 8 8 3 9 6 0 3 5 3 4 1 5 0 7 3 9 4 5 3 1 4 2 4 9 9
 7 1 7 0 1 2 1 5 3 8 4 1 5 1 9 9 7 0 1 7 6 2 6 5 0 3 1]"
5,1.683831214904785e-05,0.0625,"[0.13361755 0.13911825 0.16556628 0.13608831 0.1483905  0.12223254
 0.14233387 0.10803273 0.11636769 0.12443221 0.19112353 0.1452022
 0.16672504 0.1349874  0.20254053 0.1414323  0.12376668 0.13244927
 0.21153776 0.14890945 0.1415112  0.1806957  0.17905758 0.14001349
 0.135168   0.14172933 0.13403086 0.11550725 0.17297803 0.12289687
 0.11880328 0.13519524 0.17510526 0.1661353  0.18864608 0.18645734
 0.10263542 0.14514285 0.16276167 0.12656602 0.15044227 0.11599745
 0.14846314 0.11877048 0.12514089 0.11756309 0.17004183 0.10980796
 0.12689684 0.13834822 0.11859286 0.23217556 0.16527627 0.13706611
 0.14577016 0.10818961 0.10453624 0.1306522  0.14723347 0.11861565
 0.14500625 0.13252702 0.10649196 0.12488724]","[1 0 2 5 9 7 8 6 4 6 0 2 0 1 9 2 4 9 0 7 2 3 4 8 0 2 6 8 9 7 1 9 3 7 2 7 9
 6 9 5 7 8 5 9 8 3 9 8 0 5 5 7 1 2 0 7 5 8 2 2 5 3 9 3]"
6,1.7799437046051025e-05,0.09375,"[0.12395082 0.12125849 0.12701619 0.14411218 0.10954853 0.12525971
 0.14998764 0.12803374 0.15286441 0.1281466  0.13084619 0.1303485
 0.14044908 0.17672418 0.12781133 0.17607526 0.11025283 0.10245568
 0.1379398  0.16134892 0.14990923 0.17746675 0.13599582 0.12180816
 0.13446613 0.1444499  0.17908236 0.20237006 0.16352756 0.13236824
 0.10879877 0.15230398 0.1163078  0.14560953 0.11891015 0.12963489
 0.13337767 0.11940112 0.13028175 0.12632334 0.18533193 0.18721025
 0.157302   0.1114275  0.15052667 0.1382493  0.12038727 0.11825196
 0.14430575 0.14667606 0.11198104 0.1563963  0.12149768 0.1308961
 0.13855003 0.12095667 0.14820714 0.17544036 0.14011855 0.17249322
 0.16096275 0.13813765 0.15532586 0.12427659]","[3 0 0 9 8 1 5 7 0 8 2 4 7 0 2 3 6 3 8 5 0 3 4 3 9 0 6 1 0 9 1 0 7 9 1 2 6
 9 3 4 6 0 0 6 6 6 3 2 6 1 8 2 1 6 8 6 8 0 4 0 7 7 5 5]"
7,1.7002224922180176e-05,0.140625,"[0.13065699 0.14094381 0.13200349 0.2024975  0.12319344 0.12019923
 0.15355621 0.13170268 0.14617231 0.13642651 0.14746907 0.11032168
 0.12571946 0.14468485 0.11945207 0.16296573 0.12973374 0.18334806
 0.19798677 0.14522332 0.12484211 0.11756309 0.12052729 0.15899828
 0.12278143 0.1489323  0.13956071 0.13451964 0.13723221 0.1294521
 0.11690837 0.10947926 0.14441246 0.13358185 0.1621951  0.13739428
 0.12250058 0.20262127 0.1196425  0.10705866 0.10474927 0.12651406
 0.16132948 0.10256498 0.12165584 0.17842554 0.11588496 0.1668785
 0.20277837 0.11099667 0.1267285  0.15315786 0.17347947 0.17057908
 0.13087153 0.14410128 0.14244147 0.12772581 0.20232785 0.12251507
 0.12619612 0.1029982  0.11648682 0.16613881]","[5 3 7 9 4 4 1 7 7 1 4 1 2 8 7 0 0 4 7 2 9 7 6 9 3 5 8 0 3 6 8 3 2 4 7 1 1
 3 9 7 5 1 0 8 7 0 1 6 9 3 2 7 7 8 1 0 3 4 6 7 5 2 0 1]"
8,1.664087176322937e-05,0.09375,"[0.14812574 0.13342908 0.19055447 0.10643697 0.16199532 0.19190061
 0.1025577  0.11373158 0.17643608 0.17448328 0.14981675 0.13464138
 0.10306023 0.16232628 0.18454623 0.12478217 0.1241461  0.16065006
 0.14058767 0.12721767 0.12218569 0.15072022 0.20177504 0.12139674
 0.1150132  0.12268693 0.12755756 0.126666   0.15120742 0.1525643
 0.12515017 0.1358444  0.12773295 0.16685231 0.125684   0.10415363
 0.11968125 0.1164806  0.12814322 0.1041484  0.10284614 0.13895795
 0.13941036 0.16017781 0.20379959 0.14596711 0.12946399 0.16096528
 0.12910658 0.17517152 0.15441197 0.11019149 0.12463641 0.17969742
 0.1650347  0.14477164 0.1201233  0.13697878 0.20813946 0.14980534
 0.11444101 0.13022453 0.15998438 0.14195982]","[7 3 2 3 0 1 9 5 5 3 4 5 2 0 0 3 1 3 4 7 4 2 8 4 8 9 9 4 2 4 3 6 4 6 4 6 6
 3 8 7 4 8 0 5 9 3 9 0 7 5 1 9 7 9 1 8 4 2 1 6 4 3 0 1]"
9,1.6771256923675537e-05,0.171875,"[0.109336   0.16307876 0.13069214 0.19684468 0.10816507 0.15401584
 0.16805257 0.14555377 0.15004899 0.13137989 0.13393864 0.17184488
 0.17753221 0.14331466 0.15823111 0.1999499  0.15256599 0.14431606
 0.18051095 0.12719272 0.14658184 0.20210941 0.16398218 0.1072567
 0.134135   0.1405083  0.11935699 0.10420415 0.10466863 0.15526284
 0.15000486 0.1778282  0.14193699 0.11908582 0.12370246 0.16027685
 0.13320725 0.12360279 0.14592624 0.11828443 0.17341223 0.12731236
 0.12017369 0.16981347 0.10267811 0.1645283  0.14113049 0.14654362
 0.1290276  0.1486187  0.11616623 0.11959117 0.12451248 0.15824476
 0.15019831 0.12407523 0.13637336 0.14351793 0.13992018 0.14015208
 0.12611845 0.12501815 0.12651843 0.1518752 ]","[0 8 6 9 1 7 1 8 8 0 7 3 8 0 3 4 3 7 7 9 2 3 1 9 1 9 6 3 3 3 1 0 6 1 4 1 0
 0 1 1 6 5 4 6 2 0 7 9 8 7 2 0 6 8 1 4 3 7 0 6 1 8 5 7]"
10,1.7274171113967896e-05,0.0625,"[0.15191236 0.16626202 0.12096847 0.14001201 0.15781467 0.20615461
 0.15740494 0.10802281 0.13232645 0.11480934 0.12441126 0.13839412
 0.15745041 0.11629663 0.17719476 0.13421726 0.11418915 0.16226129
 0.13396473 0.12534171 0.12123034 0.1139594  0.14580931 0.13404806
 0.1155598  0.16672489 0.18885438 0.13351032 0.17107202 0.1411248
 0.141919   0.13019527 0.12249602 0.19563554 0.17913932 0.15129602
 0.15054286 0.10655115 0.12368008 0.1286088  0.19184019 0.20191479
 0.14774452 0.15520109 0.14293909 0.19476616 0.10236135 0.1328693
 0.13467126 0.17336121 0.16319756 0.15338221 0.10245766 0.1372925
 0.15484926 0.13913746 0.13917804 0.11325511 0.11307723 0.10279842
 0.19726942 0.13823847 0.10963292 0.15285128]","[5 5 2 2 8 9 1 2 2 0 3 4 9 1 6 9 0 8 3 6 4 6 7 5 1 8 9 0 5 0 5 4 3 8 5 2 0
 8 5 9 2 5 6 5 7 3 7 2 8 8 4 2 1 6 2 9 9 8 2 3 1 0 5 2]"
11,1.6644597053527832e-05,0.140625,"[0.20185532 0.12389703 0.19689964 0.11157065 0.17366746 0.14816734
 0.162468   0.12089495 0.12650737 0.12878336 0.13829136 0.11428384
 0.11348265 0.1551134  0.12408361 0.15006718 0.14024357 0.11045851
 0.13860536 0.16974235 0.1521641  0.1792007  0.18534948 0.1538854
 0.14743118 0.16335663 0.12301487 0.13644595 0.15264991 0.11778481
 0.20327662 0.2024975  0.10441253 0.10483028 0.14449246 0.14026456
 0.12775731 0.15960942 0.13507599 0.14140883 0.11731672 0.11274461
 0.11461215 0.20222059 0.15946801 0.17702313 0.14636725 0.12430794
 0.17590077 0.12886018 0.11461277 0.17978169 0.15889873 0.1848514
 0.12771066 0.12627193 0.13261561 0.15102474 0.19240029 0.17614755
 0.16516618 0.13707142 0.12169258 0.18103002]","[1 0 0 2 1 2 1 4 6 7 1 0 5 2 5 9 2 5 6 7 1 9 3 6 1 0 2 9 4 2 9 3 8 2 9 8 5
 1 0 1 5 2 5 6 8 8 3 5 0 4 1 3 7 0 3 3 9 2 3 9 9 8 5 9]"
12,1.671910285949707e-05,0.109375,"[0.21252438 0.12612768 0.13957794 0.14492261 0.16236188 0.10306023
 0.14939603 0.16125362 0.13818    0.12480979 0.12322515 0.1366633
 0.13773999 0.12091521 0.17796175 0.10221319 0.18935914 0.13698131
 0.16429056 0.13367657 0.10461608 0.16233242 0.12905917 0.19532572
 0.10992387 0.19765517 0.11109303 0.16322951 0.11757699 0.13554685
 0.11047453 0.13492785 0.15197371 0.13714203 0.12691532 0.14975505
 0.11595666 0.15313499 0.12344632 0.1652324  0.13461764 0.10391393
 0.1446681  0.13820943 0.18759649 0.1173265  0.11830352 0.12933168
 0.11544461 0.12456387 0.11024863 0.1293768  0.14461266 0.14896289
 0.19198109 0.1683704  0.13626938 0.15675902 0.13969637 0.15375847
 0.16471049 0.14111862 0.11384384 0.1193622 ]","[8 4 8 3 9 9 9 8 7 6 6 3 5 1 5 9 1 4 1 5 7 0 1 5 2 0 8 8 5 6 7 3 2 4 7 2 5
 8 2 4 9 2 1 8 1 9 8 8 8 9 0 4 3 3 1 8 4 6 3 3 5 2 2 8]"
13,1.6666948795318604e-05,0.078125,"[0.16104196 0.20199852 0.12586339 0.15692587 0.13650475 0.13659029
 0.12301742 0.1747986  0.18657382 0.16812636 0.14365289 0.10889123
 0.10693803 0.17759837 0.11813436 0.16727774 0.11591361 0.13515471
 0.10460129 0.17967905 0.14113727 0.12999184 0.12783596 0.13962623
 0.17142713 0.10300043 0.12091145 0.14346766 0.1586826  0.14767373
 0.1535316  0.12135325 0.13066675 0.16660455 0.1504875  0.13116398
 0.12465917 0.12142996 0.12951644 0.12993644 0.15828723 0.1555549
 0.12643684 0.12881574 0.12627591 0.1255288  0.12699346 0.13268153
 0.1834943  0.12732218 0.11720181 0.15040699 0.12206742 0.12645786
 0.13035668 0.11589073 0.13328333 0.12549123 0.1461067  0.13613263
 0.13364232 0.14019062 0.12286044 0.1236322 ]","[7 3 7 0 5 4 5 6 9 3 5 3 8 2 4 2 2 6 7 6 0 5 5 8 4 5 6 1 3 5 4 7 3 0 7 2 0
 1 2 4 9 6 4 5 9 7 7 6 7 4 3 1 6 9 4 8 0 3 1 6 4 4 2 1]"
14,1.7609447240829468e-05,0.140625,"[0.17165618 0.15517525 0.16695835 0.13056605 0.12182535 0.10287557
 0.11844204 0.12004565 0.1264122  0.13166048 0.11528988 0.14524183
 0.12610936 0.18182777 0.13151596 0.17610815 0.13355671 0.22001657
 0.13408163 0.13121645 0.12222762 0.14150043 0.14957829 0.17572208
 0.14464201 0.14123257 0.14332725 0.20204863 0.11633337 0.18167639
 0.2032114  0.2024975  0.20261563 0.11414522 0.10340206 0.16874385
 0.12212134 0.1471312  0.21121904 0.13443722 0.17514643 0.1564473
 0.11879428 0.20162727 0.15985824 0.12906511 0.12645586 0.14819402
 0.12413829 0.14682233 0.12075056 0.14674129 0.10574523 0.1910759
 0.13099064 0.15543762 0.11053137 0.14540687 0.1136597  0.11194986
 0.1828774  0.18931222 0.13245706 0.18581414]","[1 9 5 6 5 1 8 6 6 7 6 5 0 2 7 6 1 2 3 1 6 4 9 0 3 9 1 0 5 3 1 6 9 8 9 0 6
 1 6 2 3 5 6 9 0 7 2 4 0 3 6 8 6 9 1 9 0 6 4 5 9 5 4 1]"
15,1.6637146472930908e-05,0.125,"[0.13953085 0.10287578 0.12358829 0.16293627 0.16031559 0.14338318
 0.127407   0.13350365 0.14497715 0.12277775 0.16025542 0.20233954
 0.11261474 0.12957813 0.13249967 0.12260081 0.15357845 0.10692491
 0.11887626 0.12843075 0.14896275 0.18052298 0.15408106 0.15058032
 0.16738203 0.13483997 0.12338392 0.16520724 0.14745696 0.16939649
 0.20481148 0.12389603 0.1022658  0.15475295 0.10692996 0.16855453
 0.13951808 0.14347912 0.11189043 0.14252557 0.13116457 0.15588424
 0.12903251 0.19278099 0.21280435 0.18065923 0.10247022 0.14589852
 0.16081738 0.11812706 0.10801365 0.11025428 0.2024975  0.17833829
 0.1588933  0.12380491 0.12801617 0.13815506 0.17092773 0.15583679
 0.12767869 0.1288221  0.15827554 0.1181421 ]","[4 2 3 1 3 6 8 5 2 2 7 1 6 2 5 9 2 8 1 6 9 2 7 5 3 2 9 7 0 2 9 3 4 1 7 9 5
 8 9 7 3 4 0 9 7 4 2 4 7 0 1 8 1 0 4 6 1 9 9 2 1 2 5 6]"
16,1.6823410987854004e-05,0.140625,"[0.17578188 0.11233153 0.13057233 0.14671044 0.13071772 0.16249964
 0.14579098 0.1471789  0.14211786 0.11297727 0.14585228 0.13729623
 0.16006526 0.12665991 0.12058667 0.2024975  0.15967765 0.1571194
 0.13540357 0.14560932 0.16282637 0.16909035 0.16232648 0.1190956
 0.11962326 0.14760445 0.14898695 0.11646792 0.19009769 0.12877508
 0.2023477  0.10268493 0.18021114 0.12610629 0.13759352 0.14442065
 0.16922632 0.11930364 0.14033425 0.11965377 0.20254225 0.1472264
 0.12440107 0.11237015 0.1284908  0.13282622 0.16631344 0.14409287
 0.11848003 0.18146385 0.16089879 0.11463997 0.1617745  0.11975186
 0.1734864  0.13271661 0.14612053 0.10928842 0.12400892 0.16461746
 0.13368842 0.20253028 0.14165844 0.11436775]","[4 3 5 4 8 0 0 3 9 4 7 4 2 8 3 6 3 1 9 6 3 8 3 8 4 7 5 7 5 3 1 2 6 1 3 2 0
 7 5 0 0 0 1 4 3 5 8 4 3 1 7 1 0 4 2 4 1 4 0 1 2 1 7 7]"
17,1.6704201698303223e-05,0.15625,"[0.13315046 0.11514978 0.11157775 0.2042198  0.15409425 0.18912499
 0.1763027  0.12410393 0.12672634 0.1023802  0.14062311 0.16107613
 0.15190217 0.10564154 0.13148291 0.13474938 0.11862657 0.13865392
 0.14670467 0.132819   0.19599946 0.1705484  0.11629676 0.19191961
 0.15092537 0.10404179 0.13742505 0.138564   0.12009485 0.17417002
 0.15603252 0.1118378  0.16435686 0.12124161 0.1765015  0.12845604
 0.12494226 0.17028786 0.11528087 0.1602158  0.1999667  0.12078898
 0.13864599 0.11761088 0.1457666  0.15373605 0.12089527 0.14454131
 0.13811098 0.14501092 0.1112182  0.15397045 0.15120591 0.15584001
 0.12871674 0.20939687 0.20374474 0.13336487 0.14365652 0.12391914
 0.16854902 0.13500635 0.13435826 0.15815921]","[5 5 1 4 1 3 0 8 6 2 1 3 6 4 1 9 0 4 1 0 1 9 8 6 9 2 4 7 2 2 7 4 9 1 3 2 6
 3 4 4 9 4 8 2 6 6 1 6 3 6 5 8 4 6 7 1 9 3 6 7 6 0 7 1]"
18,1.7177313566207886e-05,0.109375,"[0.13218081 0.10386453 0.11193667 0.12845407 0.16753827 0.14425504
 0.14302342 0.15999998 0.13931313 0.12119982 0.1525119  0.12183006
 0.12730962 0.18273029 0.13252255 0.1672986  0.13665597 0.202066
 0.13644823 0.13105002 0.14672811 0.17423794 0.12416831 0.1562011
 0.19326006 0.17416547 0.14755265 0.13974999 0.12053955 0.11484613
 0.15004535 0.15774335 0.12999569 0.11012833 0.11320144 0.10301511
 0.11453976 0.10394842 0.15974818 0.18383706 0.11690625 0.1758183
 0.12531833 0.1743773  0.1418191  0.15947713 0.12217392 0.1563241
 0.17316857 0.14382018 0.14624085 0.13975833 0.1391897  0.14849713
 0.2023264  0.14683722 0.15878749 0.13079593 0.1216286  0.13659589
 0.12886402 0.14210236 0.17171465 0.112131  ]","[4 5 8 2 8 9 5 3 1 9 2 2 0 1 1 8 1 1 9 8 9 9 0 2 6 9 1 9 0 1 9 2 9 9 9 0 9
 9 2 1 7 0 5 6 3 9 8 3 0 2 7 7 4 8 3 0 5 2 3 5 7 6 6 6]"
19,1.671537756919861e-05,0.09375,"[0.14562696 0.12244064 0.10374471 0.14640501 0.11653867 0.14897536
 0.14606592 0.13706835 0.2017693  0.14565676 0.13674867 0.16068517
 0.10687868 0.20212354 0.1249451  0.18643552 0.13793594 0.11240309
 0.11143126 0.11190291 0.19787684 0.15612777 0.16395746 0.10892173
 0.13503706 0.2017797  0.11612949 0.12523444 0.12104371 0.12482978
 0.14570022 0.12213506 0.14433914 0.16783313 0.12579343 0.16284244
 0.15939623 0.12390959 0.1447127  0.15252167 0.11212366 0.14410833
 0.11486261 0.13619561 0.12145343 0.11693676 0.13070847 0.11681575
 0.17145965 0.14491642 0.13218413 0.1354274  0.12553339 0.22216022
 0.11617385 0.12359854 0.10900434 0.17635418 0.15348852 0.12553993
 0.1318746  0.13278572 0.11838978 0.1345254 ]","[7 6 4 9 5 6 4 1 6 3 8 2 3 9 8 5 1 5 4 5 7 5 7 8 9 1 7 2 5 6 8 4 6 5 3 9 9
 8 5 5 6 4 5 9 7 3 4 1 4 2 3 6 5 5 2 8 0 0 1 8 3 1 3 5]"
20,1.6707926988601685e-05,0.0625,"[0.11098779 0.1569871  0.14109887 0.17915481 0.13716373 0.13024114
 0.11167095 0.14653233 0.20215474 0.1263209  0.13950884 0.13166824
 0.12933037 0.13417482 0.11478365 0.14760658 0.13488072 0.13047877
 0.15609781 0.13183369 0.12304864 0.14815274 0.20218533 0.10988803
 0.13305695 0.1419121  0.11674444 0.13494228 0.11693792 0.16263875
 0.10488947 0.12621942 0.15117645 0.12930492 0.1425599  0.10229534
 0.1849922  0.14489874 0.11070132 0.2151882  0.16756454 0.13084567
 0.14923382 0.12145643 0.20130877 0.16477118 0.11188143 0.1534309
 0.13649508 0.14066322 0.12416077 0.13401622 0.13495484 0.19006403
 0.12119587 0.10313177 0.1219919  0.18783818 0.14462319 0.1402543
 0.16871926 0.13054748 0.142563   0.14277479]","[6 0 3 4 7 4 9 4 9 9 3 4 1 4 0 3 7 1 2 2 8 4 7 8 5 5 6 5 6 0 6 4 9 3 2 7 3
 8 3 9 4 1 6 9 9 4 3 9 8 1 6 9 5 9 0 9 7 2 2 4 2 6 4 8]"
21,1.7255544662475586e-05,0.109375,"[0.13750038 0.13173649 0.12313118 0.12596154 0.14713104 0.13821194
 0.16244827 0.14845696 0.1408531  0.131128   0.10750377 0.15051688
 0.123178   0.17255343 0.14923242 0.10487564 0.13071199 0.14933722
 0.13435146 0.17468607 0.1570568  0.13469122 0.10938855 0.12226839
 0.14229421 0.1439225  0.16516915 0.17970742 0.17207107 0.15691094
 0.10407372 0.1531658  0.16367503 0.20242806 0.11328515 0.13834515
 0.1122858  0.15716447 0.15599488 0.13188699 0.12512733 0.12661822
 0.14354418 0.17106847 0.14435026 0.14628935 0.14760382 0.14186862
 0.18245967 0.20215704 0.13925955 0.13397154 0.12264208 0.13478324
 0.11915743 0.16852264 0.15848412 0.1689268  0.14062455 0.16482794
 0.11119908 0.14519268 0.11850282 0.12028955]","[7 4 2 9 8 8 6 8 8 7 4 3 3 8 4 9 4 8 8 1 8 2 1 3 6 5 4 2 7 9 9 4 1 4 1 3 2
 7 0 7 9 7 6 6 2 5 9 2 9 1 2 2 6 8 2 1 3 6 6 0 1 2 7 0]"
22,1.7080456018447876e-05,0.15625,"[0.15467086 0.12746179 0.13783725 0.15133432 0.11511686 0.1958068
 0.14160505 0.14843222 0.12839493 0.13986896 0.15270714 0.12855515
 0.16002744 0.18227337 0.16109881 0.1471052  0.12335425 0.12731272
 0.16097105 0.1141938  0.1460207  0.12531778 0.11027014 0.13839695
 0.1833055  0.12710212 0.11450055 0.15644443 0.15360744 0.19223581
 0.1537057  0.14337543 0.21063694 0.12572463 0.12940605 0.11706103
 0.1135077  0.11672731 0.15605623 0.10555334 0.1469517  0.1522194
 0.13797252 0.20242356 0.17335765 0.16445379 0.1081466  0.12397911
 0.13503622 0.11680459 0.14309853 0.15266599 0.16284727 0.15461673
 0.14255732 0.12730561 0.20223449 0.13475841 0.14175175 0.10569428
 0.11611497 0.14499216 0.19957975 0.1579559 ]","[7 2 0 9 4 7 1 7 6 4 4 8 9 0 7 1 2 4 0 3 7 5 1 9 3 5 2 4 1 1 3 3 9 2 5 8 0
 8 1 5 1 5 9 0 9 2 4 0 6 9 1 1 3 4 9 5 3 3 3 3 4 1 5 9]"
23,1.667812466621399e-05,0.03125,"[0.12341889 0.12179326 0.14560455 0.20229895 0.12730247 0.18140781
 0.20236115 0.10687625 0.10794552 0.1222736  0.10283659 0.11727536
 0.13774689 0.15706748 0.11469749 0.15825513 0.11873857 0.1717934
 0.15581708 0.15566455 0.17077896 0.16276872 0.15085126 0.15529032
 0.13338727 0.10884283 0.12053674 0.1524097  0.17774802 0.13741997
 0.1293269  0.14668186 0.15736963 0.12007004 0.12213844 0.11611016
 0.11767922 0.11599953 0.13520406 0.14855826 0.13640884 0.1207815
 0.19393839 0.16891046 0.13237219 0.12470166 0.1351075  0.13818635
 0.14400378 0.1428871  0.1295616  0.10809076 0.13532534 0.12287735
 0.12228531 0.1416063  0.11840888 0.14081997 0.15887825 0.1997228
 0.15404935 0.15856555 0.1392829  0.17037784]","[4 9 5 6 6 3 0 5 2 6 3 3 8 0 8 5 4 2 9 5 0 5 4 8 2 7 6 5 7 8 2 0 1 8 2 4 8
 4 3 0 4 0 1 9 3 0 3 6 5 5 2 8 5 0 8 7 5 2 4 3 7 0 2 3]"
24,1.6927719116210938e-05,0.109375,"[0.1672176  0.13586336 0.12063284 0.15895809 0.14582224 0.10913368
 0.15348838 0.14816621 0.18721396 0.14044255 0.19211392 0.14735308
 0.1369146  0.1226071  0.13762878 0.12241094 0.17857255 0.15441397
 0.19228433 0.11180039 0.13684185 0.15661    0.14305206 0.1671455
 0.14704666 0.12547298 0.14721131 0.15916915 0.19075471 0.1345778
 0.12744695 0.10557023 0.14427225 0.1392742  0.14318511 0.1348798
 0.1452792  0.12083793 0.10275705 0.11163889 0.12948899 0.11191681
 0.13816372 0.1152574  0.18609746 0.14030981 0.15677474 0.1109993
 0.15696643 0.13415413 0.19454966 0.1421499  0.15020531 0.1409039
 0.18755746 0.18196313 0.16179082 0.14265017 0.14414051 0.13327865
 0.12561345 0.16300046 0.16647021 0.15330383]","[6 9 3 9 1 6 6 7 2 6 3 2 5 5 2 7 5 2 0 8 0 7 7 1 7 4 0 2 2 6 1 5 9 7 6 2 7
 0 5 6 0 1 1 8 4 5 3 1 2 4 8 9 8 1 7 2 7 2 3 2 6 7 9 4]"
25,1.706928014755249e-05,0.09375,"[0.13368574 0.12711646 0.14859773 0.12890698 0.17538346 0.17693752
 0.11243524 0.15698327 0.20250642 0.11885209 0.1436975  0.17015342
 0.1280523  0.15437648 0.10671055 0.20683351 0.13027713 0.1709061
 0.12408226 0.13302585 0.11783649 0.15781276 0.1159478  0.12324101
 0.15511993 0.13584681 0.11098333 0.18371178 0.13552086 0.11987054
 0.11485521 0.10317535 0.20299385 0.14265911 0.17730296 0.11145484
 0.12405489 0.13675296 0.20373401 0.11301307 0.14367142 0.12279373
 0.12410004 0.14908138 0.14260978 0.12219661 0.12786    0.1397635
 0.14035144 0.1619611  0.18169448 0.12328504 0.18732801 0.1227534
 0.12311424 0.14081647 0.13439648 0.13188623 0.13270018 0.16076879
 0.13551001 0.20240201 0.1951092  0.13052791]","[3 4 5 9 1 7 2 3 9 6 5 0 2 9 7 1 7 2 2 0 8 6 4 3 2 7 7 0 4 1 6 5 1 3 0 3 9
 0 0 2 5 0 4 0 1 9 8 4 9 4 2 4 3 3 4 0 4 3 2 8 9 1 5 8]"
26,1.6763806343078613e-05,0.109375,"[0.13704585 0.13581859 0.13494653 0.1696496  0.11000925 0.11633881
 0.10680301 0.14089781 0.15139052 0.12716718 0.13307926 0.10673574
 0.15122877 0.1719347  0.12183536 0.14741471 0.11733822 0.13133961
 0.13670337 0.13516903 0.20291531 0.12584667 0.18084647 0.13087636
 0.1346201  0.13942166 0.10929824 0.10675111 0.18728076 0.12264238
 0.11423692 0.13147713 0.18268609 0.13523082 0.11069303 0.11942725
 0.13052385 0.14962639 0.10990842 0.12027622 0.12521455 0.12068851
 0.14216451 0.13588685 0.13013081 0.13842432 0.12385301 0.11875762
 0.1087558  0.12088658 0.14318818 0.10662239 0.15131186 0.12812081
 0.13617294 0.20254779 0.17318243 0.20574766 0.10486332 0.12703225
 0.10794441 0.12426318 0.13860787 0.18998118]","[7 9 5 1 6 0 3 3 7 2 4 5 2 3 6 3 3 0 4 4 3 8 1 2 3 2 7 1 4 5 6 8 6 6 5 4 2
 9 9 3 2 0 4 1 5 5 6 6 5 6 9 7 9 4 8 3 1 9 8 1 9 0 3 0]"
27,1.6726553440093994e-05,0.03125,"[0.19807276 0.1292169  0.17344934 0.12324972 0.13689102 0.14377873
 0.1325205  0.16557513 0.11754554 0.14903606 0.17023993 0.15628175
 0.1812382  0.10658503 0.11833116 0.1358462  0.11755152 0.20233867
 0.13303939 0.13054706 0.18392576 0.19131973 0.11146913 0.11015721
 0.1531475  0.2095917  0.12965746 0.14943843 0.156539   0.14114025
 0.1560719  0.12536618 0.12152483 0.16475268 0.12143648 0.1408346
 0.15046543 0.13263057 0.13554351 0.12145833 0.14596075 0.11608597
 0.10216953 0.1395538  0.1208676  0.11998677 0.10238063 0.17203468
 0.10232186 0.13350211 0.11467314 0.19405712 0.1440766  0.15057674
 0.12899804 0.15814589 0.15997817 0.10473005 0.12913418 0.13589501
 0.10310547 0.15317507 0.10731154 0.12462031]","[3 4 4 7 4 7 4 3 2 4 5 5 7 5 4 5 8 0 5 4 0 5 4 3 3 2 4 2 9 4 8 8 6 2 6 1 7
 0 4 3 8 5 9 7 6 7 1 0 2 3 5 6 7 1 6 2 8 3 7 2 5 7 5 7]"
28,1.6782432794570923e-05,0.078125,"[0.20387045 0.14400567 0.14959745 0.19536036 0.15061244 0.13067962
 0.12247846 0.19046733 0.16391996 0.15764341 0.16773146 0.10419188
 0.15492831 0.17080037 0.12634076 0.16606833 0.14565785 0.13505143
 0.10711497 0.14751789 0.1544611  0.13026486 0.12186964 0.12669246
 0.1606855  0.10302916 0.16855675 0.16706468 0.13049382 0.14325172
 0.14180459 0.13255155 0.16306788 0.13746482 0.10265453 0.13658671
 0.12629981 0.10711435 0.17284383 0.108918   0.14731865 0.10404611
 0.14695056 0.11814477 0.16450045 0.14981002 0.14175837 0.19825147
 0.126825   0.15923633 0.13490504 0.12046538 0.14294936 0.10717802
 0.12492396 0.13314487 0.12172428 0.17229792 0.15818185 0.11356247
 0.17600036 0.13733108 0.12994409 0.12589134]","[9 7 9 1 5 3 1 0 3 8 9 2 0 8 0 7 9 4 8 3 0 7 0 7 0 5 5 4 3 0 9 9 0 2 2 0 8
 4 4 5 2 2 1 1 5 5 4 3 4 0 8 4 8 2 5 6 5 1 7 2 4 0 5 6]"
29,1.7430633306503296e-05,0.0625,"[0.1271304  0.12321055 0.14754342 0.11429024 0.12492827 0.17750505
 0.10792332 0.12058975 0.10357645 0.14751977 0.14752986 0.12795861
 0.15337813 0.12618086 0.1484153  0.12524776 0.12940502 0.13561037
 0.15532084 0.148683   0.11109697 0.16038133 0.11089295 0.10686724
 0.14424768 0.12520218 0.11163898 0.11491692 0.14405625 0.10967787
 0.14623298 0.15543815 0.17268102 0.13523896 0.13568081 0.13451348
 0.13871606 0.11043478 0.17710544 0.1912838  0.14639209 0.12229544
 0.13158593 0.14617719 0.1160728  0.13170274 0.13122353 0.14142348
 0.11700864 0.14843626 0.16190076 0.16977367 0.14748292 0.14124292
 0.12401524 0.11822014 0.11543513 0.12311886 0.12994622 0.12929675
 0.1187337  0.1034435  0.12512197 0.19940531]","[3 6 2 2 7 0 0 7 0 7 4 3 6 7 7 4 5 4 3 5 5 4 7 1 0 7 7 1 6 5 0 7 7 4 6 1 8
 5 9 3 5 6 2 2 7 3 5 8 1 0 6 8 7 8 8 5 7 5 4 9 7 3 3 8]"
30,1.685693860054016e-05,0.046875,"[0.1871322  0.1581618  0.16269587 0.15730794 0.18265411 0.18363878
 0.19534473 0.13863228 0.18173997 0.12394811 0.12752472 0.14306216
 0.14421506 0.12843147 0.20207974 0.12463424 0.12030009 0.10925375
 0.12823936 0.12167024 0.19942294 0.10762902 0.14612012 0.1394345
 0.11057823 0.15512024 0.16003175 0.12669696 0.16088964 0.13998683
 0.14096545 0.14316276 0.1747093  0.14411724 0.10515575 0.1198314
 0.16211793 0.14434272 0.14235276 0.1274263  0.14763546 0.11087074
 0.12979789 0.13597357 0.14827503 0.11200636 0.10306023 0.15725203
 0.16884534 0.1342404  0.11725686 0.12583803 0.18512835 0.20676039
 0.14810206 0.13799234 0.15140311 0.12942879 0.11483035 0.17263217
 0.20738216 0.13965802 0.1310989  0.16946527]","[5 2 4 1 8 9 1 2 9 7 2 9 6 5 6 3 8 7 6 2 5 2 8 9 6 0 0 5 2 9 5 4 2 1 6 6 8
 4 8 4 5 0 9 9 9 8 9 9 3 7 5 0 0 5 2 2 3 8 6 3 4 0 5 8]"
31,1.6819685697555542e-05,0.09375,"[0.15571852 0.1445329  0.1551536  0.12044045 0.13520816 0.11627808
 0.14519173 0.13683471 0.11280808 0.14985438 0.13255934 0.11857978
 0.13309468 0.17273562 0.16444142 0.16111948 0.1156778  0.138265
 0.14257279 0.13090914 0.15305755 0.10792825 0.11119345 0.14320005
 0.14795865 0.11161762 0.11941896 0.1390899  0.16596653 0.17077114
 0.10360856 0.21953252 0.13598087 0.1543573  0.12661795 0.12320039
 0.11973283 0.14477071 0.17786634 0.13214463 0.11865599 0.13160895
 0.14875545 0.19373816 0.14079514 0.11611502 0.1187451  0.16612266
 0.14061882 0.11996441 0.16282777 0.1778802  0.12056873 0.13531998
 0.12187743 0.14296684 0.1299096  0.1427688  0.18672462 0.18668722
 0.13877568 0.12846008 0.11245397 0.1285691 ]","[9 5 3 6 0 1 4 4 4 4 2 2 5 8 1 5 9 8 1 1 5 3 9 9 7 6 5 0 8 4 7 0 9 2 8 4 7
 1 3 9 6 8 9 0 4 9 6 7 8 9 4 8 9 7 2 5 3 7 1 0 2 9 5 5]"
32,1.676008105278015e-05,0.078125,"[0.14842522 0.15952556 0.15188447 0.14723632 0.11729181 0.16815647
 0.20239687 0.19381547 0.1643356  0.16442126 0.18360303 0.12592885
 0.1750715  0.13242018 0.12572606 0.15703739 0.12089334 0.10776976
 0.12394177 0.12606007 0.1622961  0.12726891 0.11196917 0.14634599
 0.11998859 0.13907461 0.11466937 0.16667186 0.12768848 0.14047049
 0.1202475  0.10354737 0.15812242 0.16442786 0.11880863 0.11596832
 0.17564137 0.10864415 0.12154804 0.17095998 0.14674082 0.16978171
 0.13601425 0.12894769 0.1513392  0.15200807 0.20250851 0.11548344
 0.13278738 0.13023008 0.14124055 0.13359514 0.14203387 0.15505493
 0.16132441 0.16395234 0.15520774 0.15034972 0.11884185 0.19741796
 0.13033141 0.14003685 0.16007651 0.13099708]","[7 6 4 2 2 3 2 4 9 0 0 9 6 5 8 5 2 4 8 8 6 4 5 7 6 3 7 0 4 0 5 8 2 8 0 4 9
 2 3 6 8 1 6 0 8 4 3 1 4 5 2 4 3 6 0 7 1 3 5 7 1 8 0 4]"
33,1.7408281564712524e-05,0.09375,"[0.15555975 0.1714459  0.14280273 0.14921837 0.13375878 0.11079376
 0.14125204 0.12760858 0.12694816 0.12958996 0.11701364 0.17393261
 0.1689426  0.14002986 0.16178717 0.1295563  0.13773441 0.12167526
 0.13015555 0.1516826  0.15203698 0.12387808 0.12708022 0.11021268
 0.13992879 0.13797264 0.1712434  0.20249443 0.15824649 0.11423636
 0.13174342 0.11015754 0.13075234 0.19823374 0.12484088 0.11222453
 0.16600817 0.15270832 0.15620357 0.12259874 0.13554527 0.10241682
 0.12993468 0.16236712 0.17362255 0.19164982 0.13198014 0.16166495
 0.14479138 0.11633863 0.14180037 0.14728335 0.10263859 0.11321054
 0.15689558 0.18690053 0.14527324 0.10822409 0.16026162 0.16526423
 0.10712199 0.14512625 0.10252448 0.11558185]","[5 4 3 2 8 4 5 5 4 1 4 2 5 1 6 4 3 4 4 0 8 8 4 5 7 5 6 9 1 6 7 2 0 1 4 5 6
 0 0 2 7 5 6 0 6 2 9 1 7 7 5 2 5 6 4 1 4 3 3 3 0 3 5 5]"
34,1.70096755027771e-05,0.21875,"[0.1293608  0.17824973 0.17017548 0.15646283 0.1354357  0.13520461
 0.20665495 0.15225156 0.16030625 0.1183053  0.10826127 0.13497797
 0.12041381 0.12934567 0.16335097 0.13243362 0.12164376 0.13573945
 0.19075152 0.14924106 0.1149887  0.17663836 0.12177272 0.1125203
 0.15743916 0.11594136 0.14100513 0.13335383 0.15892778 0.15981284
 0.12420446 0.1136841  0.13093163 0.17921622 0.12127609 0.10905457
 0.11999819 0.14973655 0.11932704 0.14231436 0.12309919 0.1072858
 0.13880208 0.15006697 0.14726064 0.12307586 0.13228121 0.14817849
 0.13833523 0.17016365 0.15861471 0.13155572 0.18205592 0.2020433
 0.12199664 0.16788891 0.12632106 0.11069097 0.14925256 0.15279163
 0.11431716 0.14286396 0.17311536 0.13706903]","[9 1 1 6 6 6 6 9 1 9 9 4 2 1 7 0 6 8 1 9 2 9 0 4 7 8 3 1 2 0 1 5 8 4 6 3 8
 1 3 8 5 0 8 4 8 1 1 8 9 6 0 8 6 1 3 4 1 6 0 5 1 1 0 0]"
35,1.6830861568450928e-05,0.09375,"[0.13068411 0.14388248 0.14114265 0.12967677 0.1343782  0.13047037
 0.13320298 0.12217986 0.14397745 0.10745122 0.13764171 0.13914207
 0.14686687 0.14813559 0.11882519 0.15937284 0.15566827 0.16972129
 0.18261395 0.14836003 0.13973966 0.13971259 0.1818835  0.13706617
 0.12195353 0.14377175 0.1434443  0.12425481 0.11663512 0.14278254
 0.18603128 0.10899441 0.15475245 0.15135652 0.16585234 0.15834951
 0.11735039 0.15588772 0.16137505 0.10610458 0.13402292 0.11686203
 0.13999453 0.18850176 0.13505995 0.1253533  0.15798007 0.13611081
 0.16389166 0.12002914 0.13142343 0.10223886 0.15510324 0.15488619
 0.19680496 0.13593085 0.15098368 0.14027558 0.15093087 0.16467823
 0.17519994 0.1536281  0.11669268 0.12338246]","[2 1 9 9 7 2 5 1 8 1 6 3 0 8 8 5 6 9 9 9 6 3 0 8 8 5 3 3 1 1 0 7 0 6 0 4 4
 6 5 3 2 9 6 6 7 9 7 7 0 8 4 2 7 7 7 4 0 1 6 0 5 3 0 2]"
36,1.7181038856506348e-05,0.0625,"[0.13802868 0.16762838 0.13988946 0.20434889 0.1348995  0.12360872
 0.10876804 0.13953303 0.15305829 0.13338974 0.13422762 0.10319998
 0.15484147 0.1306623  0.15054275 0.1591439  0.20200962 0.1104854
 0.14559801 0.18228173 0.14803423 0.12161282 0.14525416 0.13045797
 0.13716143 0.1541197  0.11561856 0.16714072 0.13052395 0.1315555
 0.15011336 0.11784194 0.12157051 0.16011436 0.13410234 0.13972527
 0.14705844 0.11158203 0.13741525 0.13005555 0.14724627 0.20232293
 0.15238073 0.15490992 0.1330555  0.20049314 0.15601906 0.11786943
 0.12745048 0.15430938 0.12684587 0.16236468 0.12612869 0.1419108
 0.13823952 0.10921174 0.1558554  0.1594868  0.13262959 0.17072742
 0.15162316 0.16115642 0.15390845 0.135032  ]","[2 6 0 9 7 9 8 7 7 3 8 2 9 3 5 7 5 8 7 3 7 0 7 1 6 2 4 0 0 2 9 8 2 8 7 7 5
 5 0 1 2 9 6 1 0 1 0 6 5 0 5 7 4 4 8 3 5 3 7 2 5 8 3 5]"
37,1.7393380403518677e-05,0.09375,"[0.10947622 0.13141568 0.18237938 0.10402644 0.15462926 0.15034747
 0.13532262 0.17022279 0.16190478 0.12444361 0.17155726 0.11853518
 0.10842896 0.1927466  0.17927533 0.13515759 0.16313033 0.12506251
 0.13644546 0.16045439 0.11648261 0.15677255 0.14120886 0.12011164
 0.13936232 0.11107432 0.1537164  0.16073528 0.15301658 0.17226426
 0.15351051 0.14473674 0.12277018 0.15821142 0.12637155 0.15901
 0.15137386 0.1250034  0.18926202 0.12475523 0.13041762 0.11553714
 0.11636834 0.15851648 0.16063274 0.20212354 0.1311417  0.10246544
 0.12270186 0.15357599 0.12012091 0.15901315 0.15351848 0.1031683
 0.1538692  0.14882962 0.20067912 0.17718227 0.12317222 0.12793715
 0.14408346 0.16120449 0.13170433 0.11411007]","[8 3 1 6 2 1 8 8 1 9 7 5 3 2 9 0 6 8 4 1 5 7 2 4 7 0 4 9 0 7 0 6 7 1 8 5 8
 8 7 0 0 3 2 5 7 0 6 4 4 9 1 8 6 3 9 4 9 3 3 7 5 9 7 7]"
38,1.749396324157715e-05,0.125,"[0.14694473 0.12666284 0.1445975  0.20003533 0.19990022 0.11738092
 0.14691535 0.15730977 0.13123132 0.14379889 0.13968071 0.1290229
 0.12567091 0.11758485 0.13400519 0.11534453 0.14493464 0.18044274
 0.13151449 0.12367368 0.18810745 0.12853539 0.12839273 0.18816306
 0.12057585 0.16414298 0.12641257 0.12325529 0.13874829 0.13059016
 0.11976907 0.13607228 0.13279717 0.12853274 0.14628907 0.152135
 0.14987658 0.16880576 0.11725394 0.2038368  0.12971106 0.14578128
 0.13715704 0.12532063 0.13521783 0.15325287 0.13345914 0.20334202
 0.20202625 0.10626131 0.20689222 0.13643807 0.11519398 0.16903734
 0.13200848 0.1428832  0.16023754 0.1386497  0.15928645 0.16564728
 0.11533152 0.12018261 0.15377612 0.13395041]","[1 7 2 6 1 9 0 0 8 9 9 2 8 6 2 5 6 0 3 3 0 7 4 7 5 0 1 6 8 8 1 2 1 5 4 5 9
 6 7 1 0 6 9 2 7 7 3 9 9 1 9 7 0 1 3 5 4 6 3 8 8 0 4 8]"
39,1.6819685697555542e-05,0.125,"[0.15119946 0.1030886  0.13296175 0.15314245 0.13321497 0.1041062
 0.10227381 0.155347   0.16052334 0.13665274 0.14226106 0.17656636
 0.16638744 0.17678303 0.11664844 0.1189151  0.193982   0.12970518
 0.11092488 0.12892294 0.17845881 0.1516713  0.1335351  0.11277801
 0.20150554 0.123482   0.15148874 0.13167171 0.15694529 0.11387898
 0.1447194  0.17890741 0.12067009 0.12584531 0.12493319 0.13702947
 0.13551638 0.1312138  0.12240396 0.13656005 0.13809538 0.11633448
 0.12519081 0.1455153  0.16046871 0.15128934 0.13318641 0.13023773
 0.17100051 0.13583434 0.12859184 0.15225472 0.12354128 0.11236823
 0.14332774 0.10763577 0.11929766 0.1653447  0.11277843 0.19309585
 0.18434514 0.135645   0.13273789 0.1301449 ]","[0 8 4 5 9 3 9 0 5 6 5 0 1 4 8 1 0 5 2 1 0 2 8 1 5 6 7 7 2 6 2 5 0 1 4 2 5
 4 6 2 2 1 7 2 8 5 5 3 0 4 8 3 7 6 3 8 1 0 1 3 3 0 7 4]"
40,1.687183976173401e-05,0.125,"[0.1377808  0.10378676 0.16832635 0.13698009 0.16522025 0.15524098
 0.1450745  0.11782048 0.1316069  0.13165908 0.12493786 0.18156496
 0.19952314 0.13871531 0.16266178 0.11738802 0.17475522 0.14921835
 0.15200628 0.11255296 0.18007825 0.1642673  0.10286885 0.16093287
 0.15723628 0.12918676 0.13356355 0.14677975 0.12971923 0.14709507
 0.1881144  0.19968821 0.13631178 0.11329277 0.1150446  0.12345506
 0.19764543 0.16506594 0.16446793 0.14329489 0.15251778 0.11996344
 0.16425642 0.11605646 0.1158053  0.15698218 0.15761603 0.15330008
 0.17184934 0.15544447 0.15678899 0.11884907 0.12615271 0.13939627
 0.11043415 0.14611498 0.11981117 0.19881094 0.16402909 0.11791715
 0.11416163 0.20497674 0.14536034 0.16085236]","[3 8 9 9 0 8 8 7 9 2 9 1 3 6 7 6 0 8 6 2 4 2 3 5 5 4 1 6 7 1 6 1 7 1 6 2 3
 0 4 2 9 7 5 5 6 0 8 8 1 1 3 5 6 5 3 8 7 5 0 7 7 5 7 1]"
41,1.7393380403518677e-05,0.03125,"[0.1674163  0.11393404 0.13656451 0.11226654 0.1410279  0.14430007
 0.12087599 0.12741849 0.15483686 0.16337907 0.12943283 0.10216875
 0.19073747 0.12666984 0.16737533 0.20493388 0.12549059 0.18150169
 0.15371987 0.13353945 0.12684315 0.11134484 0.10721034 0.18004172
 0.15760182 0.10652426 0.14206335 0.13189736 0.15486845 0.11339345
 0.13025084 0.16586284 0.10306023 0.12614481 0.14044833 0.18549806
 0.14273573 0.19004542 0.12305169 0.12194581 0.16886386 0.14643008
 0.12197486 0.14102134 0.15958497 0.13754596 0.10963757 0.11589757
 0.10977411 0.18902333 0.12452521 0.13399522 0.1245532  0.14773501
 0.14881967 0.14814791 0.17670335 0.17471981 0.11749206 0.14257412
 0.1700677  0.15554768 0.1314817  0.19535848]","[9 8 7 5 4 0 9 0 0 8 2 0 0 2 4 8 6 2 4 6 3 5 1 5 3 7 2 2 9 8 0 0 0 3 4 4 6
 1 6 7 4 4 3 9 4 0 8 0 4 6 5 7 9 7 0 5 7 7 3 1 9 3 0 9]"
42,1.68532133102417e-05,0.09375,"[0.12579638 0.10900851 0.17304094 0.16013451 0.16698839 0.16549589
 0.1431361  0.1342004  0.14743358 0.13886046 0.13045454 0.16329432
 0.1442584  0.14842466 0.14658779 0.20245661 0.16310188 0.12261595
 0.16634822 0.13637367 0.15004867 0.11174525 0.13140833 0.13917695
 0.1730956  0.13559596 0.10955986 0.13736296 0.16850092 0.10249948
 0.20193356 0.14087246 0.1589751  0.14199719 0.14683384 0.11763336
 0.12931001 0.14360872 0.13460788 0.13183303 0.17453897 0.13353953
 0.14370064 0.1487906  0.17925121 0.16548651 0.13450775 0.11620893
 0.12760441 0.11680607 0.12918738 0.17553617 0.16297032 0.1326554
 0.15039642 0.19420883 0.14646655 0.11735066 0.14916837 0.11393911
 0.13082707 0.14176175 0.12989749 0.11724541]","[7 3 0 0 2 8 3 9 2 7 2 6 0 1 6 1 6 7 5 5 2 5 9 4 0 2 3 4 9 4 1 0 0 2 3 8 9
 2 8 9 5 7 9 1 4 6 2 8 4 4 8 9 3 1 1 6 5 8 4 6 4 5 2 6]"
43,1.683458685874939e-05,0.078125,"[0.19097063 0.11416771 0.1241637  0.12359328 0.15754335 0.1475744
 0.2024975  0.12724231 0.1168435  0.20335247 0.17937593 0.12243128
 0.13460371 0.13308966 0.17424959 0.20234084 0.10314774 0.13808969
 0.14402589 0.12227906 0.108156   0.12257836 0.1624547  0.11052146
 0.11677194 0.15090033 0.136281   0.14754908 0.11386867 0.1502373
 0.13761365 0.11998588 0.12507515 0.11528006 0.10326934 0.20227079
 0.12985863 0.13622957 0.11564741 0.13350841 0.12532891 0.13936721
 0.17990239 0.14045376 0.1558372  0.14277029 0.12826724 0.18171124
 0.12149726 0.15156795 0.1301766  0.16028805 0.14718033 0.11731926
 0.13708225 0.13355277 0.19262856 0.13493708 0.1992244  0.12808622
 0.12436234 0.13305403 0.14358538 0.11009361]","[9 5 2 6 7 7 6 5 9 1 5 6 0 2 0 9 1 8 3 5 0 0 0 5 7 7 8 5 5 5 1 6 1 5 1 0 6
 2 3 2 1 7 5 1 9 8 3 6 9 7 3 0 2 3 9 4 4 3 9 6 8 6 6 8]"
44,1.702830195426941e-05,0.078125,"[0.11462729 0.1542646  0.16068189 0.17631477 0.11172564 0.14893165
 0.15963082 0.11950408 0.12022492 0.12871929 0.14309672 0.1381988
 0.12980358 0.10728565 0.1723053  0.12905234 0.12245588 0.12874345
 0.12917034 0.16959274 0.16665308 0.13228348 0.15019111 0.15505093
 0.13773271 0.17756334 0.17176002 0.13403755 0.14468494 0.10209662
 0.19246906 0.10359039 0.10239209 0.16419855 0.11804776 0.204241
 0.13914394 0.12810808 0.11764174 0.1092452  0.16901766 0.14359422
 0.11761721 0.20245507 0.10938445 0.12292524 0.1271007  0.1141545
 0.14286251 0.15061995 0.19395791 0.12263985 0.14365102 0.12435596
 0.13416378 0.12110396 0.11477485 0.19196707 0.15732644 0.167469
 0.16965155 0.16447972 0.15094154 0.1676995 ]","[8 9 7 5 4 0 8 4 0 9 3 4 8 9 6 9 2 6 1 4 7 3 5 3 8 5 0 2 1 6 4 3 3 9 6 9 8
 8 5 8 6 6 2 1 7 7 1 2 7 9 9 4 4 1 2 5 6 8 7 6 8 3 0 5]"
45,1.7412006855010986e-05,0.109375,"[0.14907841 0.14004704 0.13682057 0.12184211 0.16296424 0.12665327
 0.1302007  0.15944986 0.12275589 0.13042237 0.13724856 0.10553034
 0.15655218 0.15079613 0.15376839 0.1265463  0.11240167 0.16973154
 0.1325466  0.13740593 0.13177443 0.12742528 0.13313444 0.13539284
 0.15061285 0.13943158 0.13658538 0.17224373 0.16225275 0.13306676
 0.16733491 0.13702391 0.16385606 0.1470591  0.1252677  0.15570243
 0.16349888 0.17029835 0.12818418 0.20215605 0.12230566 0.11667488
 0.15386799 0.1457679  0.1424123  0.10437764 0.13649383 0.15430857
 0.18297395 0.16215134 0.12764184 0.15870596 0.1380038  0.16331267
 0.13924672 0.16633987 0.15659396 0.15696432 0.14309394 0.13717674
 0.13023701 0.15743841 0.16640967 0.14952566]","[8 2 9 0 7 9 8 7 1 3 2 9 9 5 9 7 6 7 7 1 1 2 4 2 0 6 8 7 6 2 2 9 8 2 4 2 0
 5 8 6 8 2 7 7 3 1 8 1 6 5 9 7 8 9 6 4 8 1 9 4 0 4 1 4]"
46,1.685693860054016e-05,0.171875,"[0.15615223 0.13922437 0.14073226 0.11028797 0.1372889  0.12753768
 0.16310725 0.13187365 0.13379495 0.15113133 0.14595331 0.12440811
 0.12543538 0.11644198 0.19491297 0.11367374 0.19405076 0.15666948
 0.13603057 0.18931164 0.11568336 0.14386216 0.16637166 0.1276831
 0.15365082 0.13680175 0.17460628 0.20509194 0.11440955 0.14287873
 0.13989449 0.20252085 0.1458276  0.12924631 0.16232057 0.13448575
 0.13894252 0.15177329 0.13288589 0.12829866 0.12160397 0.13073537
 0.10494286 0.14868152 0.10424689 0.16040146 0.14762625 0.1289169
 0.11791642 0.1519568  0.10347967 0.16363938 0.13389435 0.15605971
 0.12345206 0.15414043 0.12550785 0.22819413 0.13304855 0.12358042
 0.11935724 0.12784785 0.12037056 0.12650065]","[1 8 2 4 5 2 4 1 1 6 6 8 5 2 2 5 0 8 2 3 6 2 9 6 1 4 5 9 0 1 0 0 8 1 1 6 6
 9 5 4 1 7 8 6 9 1 7 6 0 9 3 5 3 2 5 3 4 9 7 1 4 4 6 1]"
47,1.6808509826660156e-05,0.03125,"[0.14041942 0.14437142 0.16559227 0.1513121  0.14148383 0.15752356
 0.12627235 0.15820093 0.12734166 0.13304137 0.1523011  0.13868368
 0.1269486  0.13952942 0.18751356 0.13602754 0.12131719 0.19891405
 0.14478272 0.19718596 0.13161041 0.15951286 0.17099357 0.1172435
 0.10307435 0.12369885 0.10702387 0.10814188 0.15151317 0.12409662
 0.14898138 0.11454299 0.13345186 0.1785623  0.12553196 0.12377775
 0.14451833 0.12807979 0.13017143 0.13579702 0.20358181 0.12768365
 0.13762984 0.14874598 0.14318426 0.12527765 0.13216454 0.1144739
 0.14117932 0.17191802 0.18299057 0.16122355 0.120572   0.18687883
 0.13970597 0.12496548 0.1446764  0.11417457 0.1629257  0.11271992
 0.14698294 0.11109518 0.11968372 0.13560508]","[8 7 4 8 7 3 5 2 5 8 9 7 2 0 0 7 5 3 5 7 4 6 2 8 2 7 7 6 1 3 8 6 2 0 4 4 8
 6 4 0 2 5 4 1 2 5 4 6 9 5 0 5 2 0 8 2 6 4 7 9 5 7 2 6]"
48,1.683831214904785e-05,0.109375,"[0.15849988 0.11630853 0.1029902  0.18958199 0.11791289 0.20245661
 0.13095868 0.19799685 0.1190412  0.13280489 0.13679017 0.14006835
 0.11575297 0.16348666 0.14987352 0.19543993 0.12889647 0.1371528
 0.13492307 0.19779892 0.12718564 0.14771354 0.14098611 0.21399261
 0.16871609 0.10565175 0.12243669 0.11888242 0.19724205 0.12467345
 0.13008435 0.19757202 0.12847953 0.15588436 0.12949926 0.11625928
 0.18717517 0.15333155 0.1278399  0.13176951 0.20215313 0.20274523
 0.20251057 0.18113284 0.14201853 0.13660254 0.14813611 0.16412373
 0.13110667 0.13788135 0.16441308 0.14450662 0.16835116 0.12548825
 0.16256076 0.11121766 0.14810766 0.14143765 0.20316464 0.19325395
 0.1604249  0.19211563 0.12215143 0.1502067 ]","[3 7 9 5 9 1 1 3 2 7 4 4 1 9 4 5 5 2 7 7 6 1 2 3 7 5 4 3 7 7 0 0 1 4 4 3 7
 9 8 7 0 9 0 3 7 6 3 8 4 5 6 5 3 4 2 9 2 4 9 2 0 1 1 3]"
49,1.7277896404266357e-05,0.0625,"[0.17074996 0.18010107 0.12831062 0.15862578 0.13328108 0.12270372
 0.1791795  0.1361695  0.11041226 0.14659816 0.12022081 0.13720077
 0.12615407 0.1661775  0.13447936 0.13270167 0.11671338 0.14043072
 0.15302294 0.13049556 0.1287268  0.11450566 0.13235167 0.1371036
 0.1188229  0.15974335 0.1292302  0.16594866 0.11880131 0.12125145
 0.16825952 0.14567403 0.20224327 0.11179857 0.19971065 0.10238175
 0.11372945 0.17663965 0.11400934 0.1283077  0.196509   0.16766143
 0.13477564 0.15022495 0.1745654  0.11874497 0.10235696 0.1257208
 0.14143324 0.16524915 0.14741941 0.12417313 0.14586158 0.15249625
 0.19800356 0.20232937 0.10452264 0.14479063 0.1365887  0.12835623
 0.15305468 0.14795877 0.13534552 0.17650108]","[3 5 0 0 6 6 3 3 6 3 6 6 0 7 2 2 7 5 5 2 8 5 2 1 1 4 3 2 0 3 1 5 3 7 6 8 9
 1 6 4 9 3 9 0 9 6 3 6 0 7 3 8 0 0 0 6 6 6 9 2 5 4 4 6]"
50,1.679360866546631e-05,0.078125,"[0.13562849 0.14166108 0.10306023 0.10347668 0.14671023 0.11778026
 0.15011974 0.18341799 0.18682583 0.13937236 0.13457507 0.16247146
 0.16605882 0.13124885 0.1473538  0.16577016 0.16849872 0.1720836
 0.13176064 0.15786359 0.20609528 0.17836656 0.16325885 0.16392992
 0.15107125 0.15205923 0.13849318 0.14277601 0.10393496 0.13330592
 0.18123303 0.12553559 0.12151928 0.1412463  0.16363488 0.21122745
 0.2016022  0.13126189 0.10238093 0.11113777 0.11996063 0.12544693
 0.10322727 0.14002667 0.1370644  0.14749089 0.13259089 0.16229603
 0.13375637 0.11599192 0.18493807 0.140705   0.18130508 0.12643857
 0.19318381 0.13022844 0.14497365 0.11185458 0.11503668 0.15033458
 0.1441756  0.12887038 0.15462072 0.20147686]","[3 6 7 0 0 4 5 2 6 8 4 9 9 9 2 0 4 2 8 1 1 0 0 3 7 4 1 1 9 7 7 4 6 8 6 0 2
 8 5 3 5 3 5 7 9 8 4 4 3 1 4 8 3 6 5 3 0 8 9 5 7 6 2 0]"
51,1.705065369606018e-05,0.109375,"[0.10557441 0.15712403 0.13628986 0.16442262 0.1358206  0.13944489
 0.185384   0.15498984 0.16163193 0.13323167 0.12204983 0.11650266
 0.14408582 0.14527941 0.14371538 0.1866497  0.15154213 0.17353708
 0.13377516 0.14120631 0.10300744 0.14929321 0.12409531 0.1093488
 0.12603429 0.13117117 0.1325811  0.13344145 0.15458441 0.15234976
 0.12547223 0.12174669 0.15797731 0.16555779 0.1389043  0.13466305
 0.13245139 0.14361195 0.17783853 0.10390568 0.13116251 0.12521832
 0.16943595 0.13127504 0.12995769 0.11846362 0.16627678 0.11303888
 0.14847481 0.15962806 0.17955644 0.14660816 0.15835589 0.13311371
 0.15202157 0.16295871 0.17106362 0.15093486 0.11010414 0.150333
 0.15576576 0.15768343 0.18970995 0.17256752]","[4 6 3 0 8 9 7 6 8 4 8 1 4 5 9 4 7 1 4 5 3 1 2 6 4 7 1 5 9 3 1 4 8 7 7 0 4
 3 4 6 7 7 5 4 4 4 3 6 6 1 9 9 7 9 4 3 2 9 8 5 0 6 9 0]"
52,1.7195940017700195e-05,0.078125,"[0.11381731 0.11308321 0.1139511  0.14937724 0.15539749 0.11836718
 0.1297003  0.14885713 0.1335134  0.14098246 0.12786666 0.17787184
 0.13141374 0.1522601  0.14321527 0.20101298 0.20219266 0.12156728
 0.15053622 0.10983029 0.18592621 0.15346655 0.15030788 0.10305669
 0.10888959 0.13540913 0.15267035 0.12218639 0.11682165 0.1238019
 0.11892466 0.1391982  0.10906065 0.148397   0.12633117 0.13880824
 0.13019365 0.11502102 0.13461804 0.19682641 0.19260873 0.13901314
 0.1121128  0.16636184 0.12160489 0.14417695 0.15092786 0.1482883
 0.12316242 0.14625886 0.15856688 0.15261866 0.14541578 0.12119383
 0.16862464 0.12812309 0.15862344 0.15602332 0.15454695 0.14568223
 0.1401308  0.13549642 0.13704531 0.15261105]","[7 0 5 0 1 9 7 3 5 2 3 9 5 6 4 0 0 0 8 0 3 2 4 5 3 7 9 6 9 3 1 2 6 7 4 5 1
 3 7 6 9 5 8 5 8 5 8 5 6 5 0 8 3 8 1 8 1 5 0 9 8 6 3 6]"
53,1.6830861568450928e-05,0.09375,"[0.12571937 0.12002593 0.11241105 0.14772086 0.14579335 0.20210724
 0.13919966 0.16181114 0.1327984  0.13529018 0.14342734 0.13603112
 0.16690817 0.12206445 0.23285347 0.14489324 0.15027227 0.15854828
 0.14071636 0.11588808 0.12323137 0.14955455 0.15465093 0.12242406
 0.11043391 0.13786544 0.15374127 0.17100541 0.13056183 0.14179379
 0.15512048 0.13856763 0.15383412 0.18692313 0.12498629 0.17257646
 0.12448476 0.13362253 0.20244427 0.11535005 0.16676047 0.1194284
 0.13123505 0.11299868 0.20533901 0.12440144 0.10588792 0.1185523
 0.1328675  0.17251766 0.1319363  0.1774395  0.17003445 0.14484632
 0.1276177  0.1477917  0.13929118 0.12384394 0.13881241 0.13351972
 0.14807539 0.18017848 0.15748847 0.1468513 ]","[5 3 0 7 9 1 3 4 4 5 3 9 5 6 9 2 1 1 4 1 9 4 7 6 3 8 9 0 1 3 6 3 6 3 2 0 3
 1 0 5 9 6 4 8 9 6 9 6 3 0 3 2 2 7 8 3 8 2 7 5 7 2 4 8]"
54,1.6801059246063232e-05,0.078125,"[0.1374873  0.16248913 0.16944309 0.17831802 0.12553748 0.14187731
 0.11709996 0.1294931  0.16864078 0.125137   0.10433019 0.10279001
 0.1286924  0.13434139 0.1379767  0.17246489 0.17325382 0.16219726
 0.11083435 0.1441455  0.12622495 0.14366361 0.14667748 0.13777815
 0.17394802 0.13337182 0.16309474 0.15679629 0.13292983 0.11644598
 0.12223686 0.17773983 0.15499121 0.13785557 0.11860023 0.13372134
 0.132956   0.11364794 0.16346811 0.13191053 0.11766416 0.16004847
 0.15697847 0.13714072 0.14467227 0.11729383 0.11424656 0.11919097
 0.13010228 0.13121957 0.16946173 0.12040661 0.13827564 0.10306023
 0.1486622  0.14350623 0.12313639 0.14662217 0.13728249 0.15532973
 0.14978538 0.20240279 0.127341   0.13165152]","[3 7 3 5 2 6 6 5 8 7 1 6 8 8 5 3 0 4 0 1 3 8 8 0 6 9 9 9 5 5 8 6 0 0 4 2 3
 2 7 2 2 5 9 8 9 1 7 4 0 3 0 1 3 8 3 9 6 1 4 7 0 3 7 8]"
55,1.6808509826660156e-05,0.0625,"[0.14478676 0.15596585 0.1253624  0.18000692 0.12002736 0.20240279
 0.12007033 0.19387238 0.12619583 0.17649196 0.16996326 0.12227499
 0.19372275 0.10716969 0.16485234 0.15968747 0.12090166 0.11529518
 0.1198122  0.10249029 0.14134355 0.11957049 0.12261958 0.1538893
 0.14783365 0.13754635 0.13922317 0.14496574 0.13205391 0.1296307
 0.19767983 0.14347276 0.1262695  0.13072684 0.15879445 0.13050121
 0.1480374  0.12861203 0.17660299 0.15458573 0.15869781 0.18635315
 0.11527426 0.12958528 0.1409576  0.14942698 0.15514262 0.14232807
 0.15325627 0.12956436 0.1720381  0.10431921 0.13397649 0.10701188
 0.12695564 0.1585502  0.11979993 0.18147117 0.16152784 0.16068509
 0.14671627 0.13127135 0.20201147 0.11351799]","[6 1 5 3 8 9 5 8 5 7 0 7 0 5 0 0 4 6 9 0 9 5 6 6 6 2 9 0 1 7 6 7 5 9 1 6 2
 5 5 5 8 5 9 4 6 4 3 2 0 7 6 2 2 3 9 7 9 2 6 7 1 3 6 6]"
56,1.730397343635559e-05,0.078125,"[0.12583803 0.13444494 0.1518861  0.1667268  0.14044908 0.15144315
 0.19437458 0.12579308 0.12047363 0.12362993 0.17864592 0.11641298
 0.14686085 0.16453947 0.13219422 0.16373096 0.17512132 0.12220372
 0.20138955 0.15223522 0.15464894 0.13048944 0.16445915 0.13423339
 0.13438515 0.16404606 0.12794922 0.105147   0.13722582 0.16475835
 0.14301978 0.17740327 0.1535069  0.11903508 0.12340823 0.13280635
 0.15497145 0.13033332 0.14783315 0.14406914 0.12537861 0.13663779
 0.18431543 0.15620239 0.1510037  0.15912108 0.21081544 0.20185712
 0.16986193 0.15757568 0.1479025  0.14668305 0.22827566 0.13643909
 0.10286787 0.17945324 0.12641208 0.15888408 0.18248805 0.11898598
 0.12198386 0.1743936  0.10882474 0.12284327]","[9 7 7 3 4 2 0 2 5 6 7 3 7 9 4 2 0 6 1 7 5 6 5 3 9 2 7 8 5 9 5 8 5 4 3 7 9
 8 1 2 2 8 9 3 0 8 4 0 2 0 1 4 1 8 5 5 7 9 8 3 7 9 1 5]"
57,1.6886740922927856e-05,0.078125,"[0.11543557 0.20240124 0.12735607 0.14955698 0.1303696  0.14457838
 0.15115833 0.1339089  0.16468905 0.14106016 0.11600336 0.12487097
 0.1341228  0.16187046 0.1175787  0.20208485 0.15379079 0.14389846
 0.2015802  0.15000148 0.14006826 0.12017621 0.19081698 0.14711544
 0.16426963 0.17987517 0.13921042 0.1285165  0.15065405 0.1381568
 0.19152345 0.11934804 0.18268673 0.12452482 0.1330553  0.12231874
 0.10231837 0.18441501 0.13604501 0.11462416 0.12227517 0.14553091
 0.12103538 0.13526708 0.12209448 0.17538482 0.14328589 0.12939686
 0.1334576  0.12037366 0.11130892 0.16295043 0.1357956  0.11534555
 0.12287522 0.15496989 0.15612212 0.13297601 0.12804127 0.12540123
 0.17611264 0.16276638 0.14202815 0.18181054]","[2 8 7 2 2 5 1 2 6 2 9 6 2 3 0 3 9 8 7 8 8 4 0 1 8 2 7 9 3 6 1 9 0 7 3 7 4
 5 0 0 2 9 3 4 0 6 2 5 3 7 3 7 2 5 3 1 1 4 9 9 5 7 5 0]"
58,1.6879290342330933e-05,0.09375,"[0.18939564 0.14859577 0.11116367 0.11631918 0.15210126 0.19528112
 0.1583958  0.13677265 0.11845993 0.14132172 0.16713549 0.16896325
 0.13257553 0.10990793 0.14753285 0.14507197 0.12306172 0.13354123
 0.19225527 0.17145161 0.15575379 0.15840882 0.10715269 0.12991662
 0.13335627 0.20200971 0.14199102 0.12778842 0.16831943 0.1432393
 0.13942043 0.12300508 0.20212354 0.12515438 0.13416246 0.13107744
 0.14577308 0.13134633 0.12960699 0.13195965 0.10552031 0.14141591
 0.16594926 0.13380681 0.1532401  0.16905953 0.13898323 0.11636685
 0.10232839 0.17384806 0.13920008 0.12562113 0.1103713  0.15669613
 0.1185447  0.12192512 0.11591568 0.14659576 0.13721606 0.11735168
 0.10292605 0.14764787 0.13399144 0.14164335]","[0 1 0 4 5 0 8 0 7 6 1 0 8 5 9 2 5 4 4 9 0 6 1 2 5 1 6 7 1 5 8 8 0 3 9 4 0
 3 4 9 2 4 3 0 6 4 5 6 6 7 8 4 8 8 3 2 8 0 2 5 6 8 7 8]"
59,1.695379614830017e-05,0.09375,"[0.12931003 0.14851573 0.19230808 0.20228602 0.12118173 0.18622272
 0.16266812 0.14152    0.1286877  0.13023068 0.19165644 0.13177967
 0.1298679  0.17603183 0.13541305 0.11968297 0.14761478 0.18507276
 0.15073249 0.15651661 0.16025116 0.11823418 0.14416774 0.13763946
 0.14910354 0.10306023 0.14260554 0.18303703 0.13964264 0.12617329
 0.13550998 0.17813158 0.12749457 0.11921675 0.17410539 0.14141971
 0.11589962 0.11050768 0.1318808  0.1480823  0.1022796  0.13100815
 0.1305808  0.15046176 0.14995797 0.13676333 0.11029977 0.14403489
 0.17400189 0.12490562 0.1506293  0.1518537  0.17808735 0.15006419
 0.15270412 0.18751235 0.10291944 0.16323645 0.15572073 0.10884825
 0.14503944 0.14943922 0.16198994 0.1344791 ]","[1 9 3 1 4 3 4 4 9 0 9 5 9 2 9 4 0 2 8 4 8 6 8 2 0 5 9 6 9 5 1 3 4 4 2 7 2
 4 4 0 2 8 4 5 1 2 6 8 1 7 2 8 7 4 3 3 0 3 7 2 5 6 1 7]"
60,1.8298625946044922e-05,0.125,"[0.20039254 0.1762205  0.15193878 0.13582654 0.19427298 0.13541436
 0.13214669 0.13726102 0.14537244 0.1310559  0.16064867 0.12227085
 0.12885733 0.14941375 0.20676358 0.10479394 0.10970537 0.1453899
 0.13828959 0.19039501 0.14719546 0.13421218 0.13710606 0.20515572
 0.12675041 0.1795549  0.12779202 0.14571467 0.12952293 0.17439686
 0.13814192 0.14774066 0.12490747 0.11630834 0.1483582  0.16888802
 0.13817081 0.12433575 0.15335739 0.13696715 0.19324556 0.12343024
 0.1263558  0.15065767 0.15382719 0.14337736 0.11298633 0.1422659
 0.12778059 0.10210868 0.13555357 0.14185695 0.13074689 0.10975353
 0.14645657 0.14014146 0.11398684 0.13329007 0.12863979 0.10456505
 0.11988378 0.17437746 0.14755413 0.1600566 ]","[1 2 3 2 2 5 4 9 8 7 4 4 9 7 6 7 7 1 2 3 5 1 9 0 3 3 1 5 6 6 2 4 6 8 8 9 6
 6 1 0 7 5 8 2 1 5 8 1 4 7 5 0 3 9 9 5 2 8 4 1 9 0 4 4]"
61,1.7601996660232544e-05,0.09375,"[0.142936   0.13342656 0.15282921 0.13927914 0.11236215 0.11726147
 0.12808163 0.15506221 0.11911389 0.17523846 0.18314916 0.19113548
 0.14906283 0.16339247 0.14785886 0.11677309 0.10659236 0.14667656
 0.17063127 0.1619499  0.14126559 0.11215795 0.16380544 0.16416493
 0.12305227 0.10350829 0.19235136 0.15016915 0.11036279 0.13535711
 0.1206686  0.13691226 0.11732802 0.18580896 0.1364027  0.1537111
 0.14643712 0.12152965 0.11188143 0.11121503 0.12399801 0.13623214
 0.11913492 0.14249985 0.15845354 0.15155856 0.12970525 0.12958312
 0.1509683  0.15204158 0.14647351 0.12630342 0.13433681 0.12793285
 0.12234992 0.11864769 0.19988152 0.13749999 0.11504988 0.12448405
 0.14023277 0.14904054 0.19621584 0.17199145]","[3 5 2 3 4 1 7 5 4 6 1 9 3 6 6 9 3 8 0 7 2 6 2 5 8 5 4 6 8 9 9 1 0 2 2 7 3
 2 8 0 9 5 8 1 9 4 1 3 8 1 4 7 9 4 2 7 0 7 0 6 6 9 0 9]"
62,1.7199665307998657e-05,0.09375,"[0.13205053 0.11599231 0.14509949 0.16294444 0.12400881 0.14841439
 0.15429676 0.13917999 0.15741535 0.13789403 0.12504295 0.13517779
 0.10267852 0.11551894 0.11447961 0.1558302  0.1466927  0.12196043
 0.14910452 0.14720212 0.16355687 0.12942377 0.1220869  0.15035963
 0.19771273 0.15038481 0.169867   0.13764039 0.13984242 0.10808113
 0.12748784 0.16011147 0.14613242 0.1581958  0.16173245 0.12465341
 0.13777843 0.15221491 0.20098008 0.19000223 0.14142555 0.18963921
 0.15810272 0.10595987 0.15101337 0.12753403 0.1537056  0.15893583
 0.10613073 0.15559465 0.11990698 0.12913598 0.14033861 0.13515827
 0.1566078  0.13221294 0.1477935  0.14521335 0.135177   0.12439341
 0.12136418 0.1381044  0.14218034 0.147697  ]","[8 3 8 5 8 6 3 5 5 5 0 9 5 5 7 1 8 2 2 7 3 4 2 9 6 2 2 4 3 0 2 0 1 3 2 2 7
 0 1 0 7 7 2 0 1 6 5 0 2 2 0 1 2 6 0 1 6 6 5 3 4 0 0 9]"
63,1.7199665307998657e-05,0.125,"[0.12003073 0.1386906  0.1366763  0.1206207  0.1565575  0.14722936
 0.14865977 0.20091681 0.18482284 0.17192245 0.1450877  0.1702617
 0.1337191  0.14519437 0.14491534 0.10861316 0.13749321 0.14911315
 0.13552931 0.11886684 0.14880815 0.17171171 0.11340206 0.13692774
 0.20224836 0.13180374 0.16717032 0.13094452 0.12870498 0.16669624
 0.15640727 0.13943459 0.186039   0.15196493 0.14057405 0.1814919
 0.14516231 0.1365633  0.18184468 0.13664456 0.16512288 0.12499528
 0.17118376 0.10751609 0.13105997 0.14854623 0.13347425 0.13029328
 0.1407895  0.11241467 0.12934387 0.10252527 0.15897876 0.17449372
 0.16141255 0.18113533 0.1407944  0.13653189 0.13549949 0.14061211
 0.1382061  0.14474168 0.14078134 0.1128794 ]","[9 4 3 8 2 8 4 7 2 3 1 5 2 9 8 9 7 9 5 1 4 0 8 2 3 8 9 1 1 3 2 4 9 3 1 7 4
 6 2 8 9 5 3 9 5 5 6 7 2 4 6 3 1 0 7 2 5 4 7 6 1 1 9 8]"
64,1.7683953046798706e-05,0.109375,"[0.15932679 0.12288295 0.13459887 0.13092467 0.18709174 0.1686409
 0.13860317 0.1433897  0.15309721 0.10928803 0.13831972 0.157775
 0.1557442  0.10275112 0.13151224 0.12893936 0.1431109  0.14263423
 0.16323209 0.1781872  0.17794712 0.11819934 0.13295229 0.15136197
 0.14565496 0.17422384 0.13001929 0.20470051 0.1286307  0.19111302
 0.1284088  0.13987781 0.12995517 0.15168358 0.14871714 0.13744177
 0.12111187 0.13464014 0.16130042 0.14925818 0.11779849 0.12556617
 0.10306023 0.1511614  0.11235707 0.172937   0.11451033 0.17017382
 0.11984586 0.15388422 0.1351031  0.11896143 0.11496405 0.16739555
 0.11796097 0.182259   0.11992154 0.1379356  0.15745696 0.16510166
 0.16035852 0.17138965 0.13263401 0.10985368]","[2 2 5 1 9 1 0 9 4 2 1 6 0 3 7 6 3 1 8 6 5 7 2 8 4 4 8 3 5 0 5 7 4 4 2 2 7
 3 6 0 2 7 6 2 3 0 7 7 8 1 1 4 6 0 6 6 5 5 6 3 9 3 6 8]"
65,1.6923993825912476e-05,0.078125,"[0.1382634  0.1353238  0.17012976 0.1918415  0.18780747 0.14776528
 0.12051696 0.15013382 0.12505026 0.12348932 0.11515865 0.14178427
 0.13297182 0.1340693  0.15476231 0.21018837 0.13547845 0.18029633
 0.16713911 0.1297804  0.12981956 0.15915984 0.13933282 0.11434091
 0.16572379 0.19048955 0.13078713 0.2020092  0.17385489 0.20236836
 0.13713664 0.13914128 0.13768196 0.13020904 0.1442601  0.19397798
 0.10300383 0.13376607 0.15104829 0.11973944 0.10525019 0.13019288
 0.13576761 0.13111615 0.1311721  0.16236517 0.20183402 0.14060776
 0.13385366 0.14347775 0.13205364 0.1662413  0.14829682 0.15947108
 0.20080131 0.13280766 0.13918497 0.11653534 0.13623665 0.11793789
 0.10687213 0.14078021 0.17583074 0.11820295]","[8 9 7 3 1 3 3 3 4 4 2 3 3 8 1 7 7 0 7 4 5 1 4 2 4 3 9 9 4 9 9 1 8 1 6 7 5
 5 4 9 7 6 5 9 2 4 0 7 8 5 5 0 0 9 9 8 2 5 4 8 3 6 3 6]"
66,1.6786158084869385e-05,0.078125,"[0.15196799 0.12478145 0.12009145 0.19801453 0.12199056 0.15801995
 0.10525849 0.15222128 0.1360386  0.1659647  0.13085197 0.1458535
 0.1245569  0.13181771 0.13501565 0.11479648 0.16848773 0.11933272
 0.1323289  0.12966748 0.12071208 0.13515778 0.17037655 0.11845308
 0.18044454 0.14679694 0.1211143  0.11632611 0.13387462 0.10335765
 0.17288274 0.14396824 0.14288048 0.1334434  0.14354736 0.17568758
 0.17488661 0.16079713 0.14270985 0.14920281 0.14665239 0.13758647
 0.13750315 0.1386122  0.13444002 0.1754296  0.10318244 0.13083033
 0.13695094 0.17892142 0.17457385 0.14603423 0.18993843 0.11524951
 0.13523743 0.12818088 0.11600587 0.11478789 0.16537765 0.12198211
 0.13673095 0.12514557 0.16789673 0.13619973]","[9 9 6 2 4 3 8 3 4 7 0 2 8 4 8 3 8 8 8 3 3 5 7 7 0 4 1 5 9 7 0 6 8 4 9 0 1
 8 9 6 3 9 2 4 4 0 3 3 5 4 5 1 1 8 2 2 9 3 7 8 9 2 3 1]"
67,1.6786158084869385e-05,0.078125,"[0.14275165 0.1457551  0.11520471 0.11921208 0.13199288 0.13276298
 0.16575041 0.14578223 0.14941186 0.12340742 0.13388573 0.15468843
 0.14303757 0.15928876 0.17297311 0.10887098 0.12513787 0.14659768
 0.1921405  0.13884038 0.14020966 0.1081985  0.20220034 0.17023267
 0.17738923 0.10839868 0.1311322  0.14822473 0.13190557 0.20142096
 0.13634811 0.1294633  0.14096402 0.12455536 0.14209461 0.14951424
 0.10983603 0.12545231 0.12644012 0.12677129 0.1725696  0.16903126
 0.14752384 0.1746575  0.13951533 0.1425104  0.12533659 0.10440049
 0.1246174  0.1564196  0.13538721 0.1031767  0.17828023 0.14104241
 0.13454734 0.13132466 0.14213502 0.12858067 0.12967864 0.15232447
 0.16375282 0.1909814  0.13251658 0.12229196]","[5 4 6 1 6 4 0 2 2 6 0 5 9 1 7 6 7 0 3 9 6 8 3 0 3 4 7 7 1 4 7 2 7 1 4 7 4
 4 8 4 7 7 5 3 7 2 0 8 9 5 8 3 6 2 0 8 7 3 7 6 5 3 1 3]"
68,1.753866672515869e-05,0.09375,"[0.12031463 0.136315   0.15276994 0.18048158 0.10437069 0.12189315
 0.15173408 0.15890273 0.1573549  0.102405   0.13968326 0.16365887
 0.1514652  0.11290666 0.12511422 0.21446991 0.12090044 0.10294373
 0.13918856 0.17169201 0.16635981 0.13861436 0.11210342 0.11958134
 0.11546667 0.14931686 0.15761273 0.11664018 0.12631112 0.13517457
 0.12088934 0.12910469 0.13206388 0.10250191 0.20253853 0.12461623
 0.15546578 0.18809885 0.10295924 0.17988136 0.15265678 0.19886063
 0.16016962 0.13226657 0.1716473  0.19158334 0.1356493  0.15769656
 0.1512902  0.10795014 0.13665807 0.1724036  0.15013385 0.11120656
 0.10653206 0.15519279 0.1405583  0.13696888 0.1538519  0.15119682
 0.1408516  0.1541603  0.1500479  0.15146458]","[6 2 1 2 3 7 2 6 8 8 0 2 9 3 3 8 8 1 1 7 2 5 2 7 8 9 0 3 8 6 4 6 6 0 0 7 4
 5 6 3 1 1 3 6 8 7 4 0 6 2 1 3 0 4 2 7 8 3 1 2 8 0 8 3]"
69,1.6916543245315552e-05,0.15625,"[0.11345167 0.13896167 0.201993   0.1335868  0.10268256 0.10276163
 0.12271967 0.13793315 0.15491934 0.1433804  0.13008478 0.17569874
 0.13546073 0.11027785 0.10306023 0.14054099 0.15188938 0.12750007
 0.11567909 0.16389564 0.16116397 0.14779982 0.12071481 0.11609919
 0.16553041 0.11293367 0.1330195  0.13088235 0.15627804 0.12436622
 0.13685787 0.1264086  0.10716227 0.13633019 0.11740257 0.16341035
 0.1256299  0.11350306 0.20419545 0.11905507 0.20002529 0.11412491
 0.13114537 0.11733577 0.14046222 0.15847996 0.14228633 0.11852077
 0.14565994 0.19740045 0.12600985 0.16693023 0.13256699 0.11750089
 0.13468003 0.10245636 0.1153863  0.1257714  0.1791753  0.17121464
 0.12551624 0.11241966 0.1120256  0.10682578]","[9 9 1 9 9 3 5 5 3 0 3 0 6 6 5 6 8 9 4 5 1 1 2 7 9 0 1 2 5 4 4 7 4 8 3 3 5
 3 5 7 0 1 2 9 8 1 7 3 5 9 1 9 1 1 3 6 7 4 8 3 5 6 7 0]"
70,1.6812235116958618e-05,0.078125,"[0.12432347 0.18540947 0.1505059  0.14883742 0.14445114 0.12572563
 0.1321076  0.16796905 0.15617605 0.11267417 0.14934275 0.14058131
 0.12004964 0.14017381 0.1350597  0.13256484 0.16349529 0.14886159
 0.16698317 0.11804076 0.11996959 0.15692483 0.1769623  0.10988749
 0.19979703 0.14322014 0.14203636 0.20041089 0.20224956 0.13059418
 0.19165571 0.13159066 0.19859311 0.11889189 0.20314565 0.14184058
 0.14868344 0.10669196 0.1028448  0.12762606 0.13327415 0.16702299
 0.14778487 0.11637322 0.17520928 0.1753581  0.10241253 0.14978702
 0.14057603 0.14028467 0.13635704 0.12048518 0.20239888 0.17022434
 0.12092172 0.14404887 0.17863703 0.16719133 0.1499931  0.20240967
 0.10306023 0.13588811 0.12935418 0.14416501]","[8 3 9 4 7 2 0 8 0 7 3 3 2 5 2 4 4 0 4 8 2 4 0 6 4 5 6 0 8 8 0 6 1 1 6 1 4
 2 1 1 2 4 4 5 5 8 8 5 1 8 2 3 3 9 6 6 5 0 7 3 3 2 7 4]"
71,1.7132610082626343e-05,0.140625,"[0.10829479 0.13849877 0.15071893 0.11387245 0.10335052 0.10375065
 0.13709924 0.15277104 0.12660986 0.14074498 0.10301641 0.1262403
 0.15677585 0.13330479 0.12508069 0.15821193 0.17550194 0.13758829
 0.12848984 0.12614064 0.11985478 0.11843714 0.14637643 0.22047439
 0.1259928  0.16171442 0.14002398 0.18582827 0.14332241 0.13283262
 0.16969246 0.13434683 0.18158962 0.15014678 0.10656269 0.1485433
 0.12137005 0.20157379 0.12491933 0.10746728 0.17829953 0.16359818
 0.19180457 0.14364329 0.13858692 0.12844135 0.16771372 0.12712419
 0.10962545 0.13044885 0.10305063 0.10259608 0.14064613 0.1216266
 0.11146452 0.17263594 0.16603148 0.15605234 0.11310266 0.13016707
 0.15627441 0.17094743 0.18850273 0.1601582 ]","[8 7 6 3 1 3 6 6 4 5 5 5 1 8 7 3 0 2 5 1 1 1 6 7 2 1 2 3 9 8 3 1 7 4 8 4 7
 5 8 6 0 3 0 8 3 4 4 9 4 6 1 5 7 7 9 0 1 3 1 3 2 4 0 7]"
72,1.7445534467697144e-05,0.1875,"[0.12773596 0.17145064 0.12181478 0.17298885 0.13410008 0.2016534
 0.11472347 0.13096721 0.20413515 0.11993005 0.14903508 0.16424443
 0.12975721 0.17212263 0.12677015 0.1390714  0.17461434 0.19533062
 0.14590041 0.16795167 0.13821141 0.15854831 0.13183369 0.1261721
 0.12320107 0.19573674 0.1467392  0.20205644 0.20920473 0.1500167
 0.11014596 0.11631015 0.14010285 0.1516547  0.13127914 0.1055484
 0.15619323 0.10867385 0.16356128 0.11529355 0.14571656 0.11117181
 0.13018927 0.14194159 0.20066051 0.14300893 0.11147096 0.19344294
 0.12475348 0.12396336 0.11726821 0.15753126 0.11746358 0.15956758
 0.14982328 0.11392161 0.14584234 0.17381324 0.15364392 0.12457983
 0.12266285 0.19546142 0.16800968 0.12176005]","[1 0 1 3 1 1 1 7 3 9 6 8 4 6 8 4 9 4 7 9 7 6 8 4 9 7 0 1 6 1 5 9 0 4 3 4 1
 3 0 8 4 6 2 2 6 5 3 6 2 1 1 8 6 0 4 0 1 9 7 1 3 7 7 8]"
73,1.6827136278152466e-05,0.09375,"[0.12414409 0.13985926 0.12495439 0.13769305 0.18871799 0.17010202
 0.11297987 0.12828921 0.12554894 0.12965311 0.11829702 0.14866763
 0.10808892 0.15662196 0.13324863 0.13254386 0.1311535  0.13141604
 0.12846401 0.15963398 0.11825771 0.16659126 0.20327386 0.11862858
 0.10470115 0.14947343 0.14655836 0.13755502 0.19572517 0.10662222
 0.12884295 0.16176222 0.1344017  0.13292767 0.10705311 0.18658462
 0.12888025 0.13829994 0.16593756 0.14142652 0.18983908 0.17085974
 0.14878109 0.11881679 0.1517712  0.11544414 0.18722175 0.17428447
 0.16153072 0.18485714 0.11489899 0.14328784 0.13514368 0.16981502
 0.1246703  0.2018639  0.13080508 0.15488192 0.14237125 0.20231494
 0.12267412 0.14366075 0.1453873  0.13316736]","[3 6 0 8 6 0 6 2 7 5 1 2 7 8 8 0 9 4 9 7 2 0 2 8 3 8 9 1 5 5 4 7 5 3 8 3 3
 6 2 8 4 3 7 1 2 4 1 6 9 0 5 8 6 1 8 6 1 4 2 6 2 7 2 2]"
74,1.683458685874939e-05,0.046875,"[0.16050027 0.15445799 0.16602449 0.15347856 0.145938   0.10294344
 0.13614947 0.12100706 0.13498992 0.13551885 0.13337517 0.13981234
 0.14704467 0.12292694 0.20476335 0.15285422 0.16209929 0.13587342
 0.14136711 0.15023108 0.10419219 0.13137911 0.15946074 0.11009818
 0.14385112 0.14033467 0.18267748 0.17789084 0.1281409  0.13200699
 0.13273923 0.12303623 0.1279659  0.12411442 0.12974213 0.14110684
 0.12948748 0.17695789 0.13945882 0.15117966 0.15617423 0.16141191
 0.13017729 0.1159732  0.11468277 0.14435092 0.14517863 0.10980682
 0.15554813 0.18912126 0.13970855 0.11186618 0.13751781 0.13991542
 0.13133408 0.10924531 0.1749431  0.17221472 0.12928876 0.16839309
 0.14474134 0.16609378 0.1171659  0.12647259]","[4 9 7 3 3 2 8 8 5 3 8 0 8 0 0 0 2 2 7 0 7 7 7 2 2 0 4 0 3 7 8 4 7 9 6 1 1
 6 9 3 8 9 5 8 3 9 4 3 7 5 5 2 7 5 7 9 6 3 0 8 4 5 6 1]"
75,1.687183976173401e-05,0.0625,"[0.16110967 0.11857517 0.1684289  0.10467686 0.104919   0.16778287
 0.13282932 0.13340707 0.15428959 0.15824828 0.13820398 0.14611503
 0.17347094 0.12649953 0.18316282 0.18958057 0.1415699  0.10843983
 0.15122151 0.17443113 0.10531673 0.11292576 0.13376705 0.13828003
 0.1312063  0.15928891 0.17181718 0.1310077  0.14742415 0.13991562
 0.11442143 0.12222786 0.11807302 0.11884055 0.12964009 0.16796713
 0.12217315 0.20247877 0.10867121 0.11906103 0.15017727 0.14325307
 0.1436713  0.14590785 0.13556527 0.10887034 0.16449428 0.11620471
 0.2024975  0.12656225 0.15918854 0.16005853 0.12339356 0.10306023
 0.14442353 0.13262202 0.15007506 0.20274752 0.14113878 0.128032
 0.10624278 0.15575618 0.1704864  0.13079189]","[8 5 4 2 8 3 5 5 7 7 8 6 2 8 2 3 5 6 8 0 2 3 7 0 1 9 1 3 7 5 8 3 2 9 6 8 6
 9 3 8 9 8 0 7 8 5 0 0 1 3 9 1 5 3 4 4 0 9 9 9 9 8 2 4]"
76,1.747533679008484e-05,0.109375,"[0.15257238 0.1389647  0.14561753 0.12004846 0.15884398 0.13656138
 0.14973485 0.16623753 0.10289156 0.13285664 0.16213618 0.15765244
 0.14613773 0.11910017 0.15389323 0.18147582 0.12433183 0.1406094
 0.16817257 0.14619772 0.12421808 0.1028936  0.13098204 0.11077025
 0.1973097  0.15304019 0.14197908 0.12911706 0.12432171 0.13726489
 0.1390842  0.13843508 0.16092025 0.14338927 0.17280191 0.12186995
 0.177491   0.1643073  0.1488446  0.1421511  0.11709423 0.15323278
 0.11943609 0.16319352 0.16171232 0.14675273 0.14821827 0.11188749
 0.12327075 0.16239046 0.20232774 0.14847109 0.20223393 0.11112943
 0.10243042 0.12959172 0.14005977 0.11634476 0.1030418  0.13205539
 0.11890703 0.1469617  0.19756497 0.19881976]","[1 5 1 9 0 9 2 0 6 2 4 8 5 7 6 1 2 9 4 5 0 3 3 7 7 7 1 4 5 0 2 8 5 0 0 6 2
 0 8 4 5 4 5 6 4 7 9 4 2 0 6 4 0 0 6 4 6 1 9 5 5 2 2 6]"
77,1.6827136278152466e-05,0.09375,"[0.13818407 0.1828815  0.14123635 0.12914252 0.14344044 0.1260205
 0.13985837 0.12370546 0.1437685  0.10807014 0.12641314 0.14218214
 0.14046426 0.1322477  0.16758157 0.19849326 0.11294641 0.14994706
 0.14043291 0.17432196 0.20209348 0.17716213 0.12691295 0.14844698
 0.13990247 0.1649662  0.17853726 0.12664893 0.11572096 0.14736404
 0.22299404 0.18201236 0.11927527 0.14750968 0.13151436 0.14082012
 0.13070792 0.13128722 0.1261065  0.1098306  0.13099046 0.10503703
 0.16252047 0.11831282 0.10380566 0.15307607 0.20199141 0.12793073
 0.13521132 0.1331753  0.1385181  0.14454849 0.15172635 0.10305976
 0.11355565 0.16457507 0.11885823 0.10302106 0.14354631 0.14229059
 0.15607487 0.12811437 0.15433459 0.12719013]","[2 3 7 8 7 2 5 0 0 7 0 9 6 1 0 3 9 7 4 9 1 6 8 1 2 3 3 5 4 8 9 7 4 4 1 2 4
 9 8 7 9 5 1 2 1 6 6 4 5 7 4 5 8 5 2 8 7 8 2 3 6 1 3 3]"
78,1.6942620277404785e-05,0.09375,"[0.19495316 0.13782082 0.1406632  0.11439338 0.1379276  0.17385307
 0.11569646 0.12566781 0.1413961  0.12870733 0.12037787 0.15256143
 0.13247055 0.1316319  0.11982389 0.11877469 0.13497695 0.11526994
 0.1312374  0.12602934 0.12969065 0.16273783 0.18475544 0.13591917
 0.14487348 0.17080803 0.11498653 0.12406937 0.164097   0.1513523
 0.15009727 0.10221138 0.1537049  0.11962315 0.12327489 0.17460671
 0.14522278 0.11996158 0.16249056 0.12556717 0.17705834 0.11100125
 0.18834539 0.11445335 0.17190813 0.1443474  0.13411136 0.14655301
 0.20259927 0.1174354  0.1608776  0.20041548 0.13062927 0.14847325
 0.13751769 0.14165331 0.16427018 0.13502626 0.14731692 0.14403407
 0.15056634 0.14135395 0.15245503 0.18769038]","[1 7 7 2 3 3 5 1 7 6 8 4 4 5 7 3 4 7 7 3 6 0 7 2 6 7 4 1 8 0 2 2 1 5 4 0 9
 3 4 4 2 3 8 5 0 0 4 6 3 9 2 0 5 7 5 5 1 7 3 1 6 7 9 0]"
79,1.6734004020690918e-05,0.078125,"[0.1574133  0.12699974 0.12392995 0.14840116 0.12704533 0.11795491
 0.12326262 0.12818134 0.13658598 0.17028101 0.15633348 0.15762596
 0.15460482 0.1245598  0.11157618 0.15527318 0.14008091 0.13964494
 0.12916104 0.12664926 0.18104644 0.13936576 0.14054063 0.11635973
 0.10235628 0.10703058 0.10576548 0.16598068 0.15312083 0.13701302
 0.15081836 0.16436441 0.18016048 0.1349241  0.20216393 0.13102695
 0.11889867 0.2029163  0.1642623  0.14528266 0.12053686 0.10324946
 0.14539835 0.1136848  0.10767891 0.11204976 0.12890352 0.18238348
 0.14997777 0.13029082 0.12467481 0.13602182 0.14388728 0.1312499
 0.1678262  0.11738279 0.19949873 0.1419911  0.18391816 0.12672761
 0.1409244  0.13621366 0.14348195 0.14422153]","[9 9 3 6 4 4 8 8 1 7 3 0 6 2 4 8 2 2 9 2 2 9 7 4 1 9 1 4 3 5 3 8 9 3 6 2 0
 8 9 0 5 1 5 8 2 1 2 3 2 4 8 4 0 6 4 2 9 8 4 7 6 2 4 7]"
80,1.74790620803833e-05,0.15625,"[0.13764675 0.16633055 0.14642467 0.19357395 0.12008168 0.12903069
 0.18183546 0.10725778 0.1605143  0.13828959 0.15197599 0.10619342
 0.12072462 0.16250056 0.15325601 0.12295653 0.1648226  0.13127844
 0.2001456  0.12304862 0.13926418 0.14216706 0.11021985 0.12226726
 0.10952525 0.11275724 0.16329515 0.1335892  0.12383022 0.14519666
 0.11381599 0.20420939 0.12281216 0.17290151 0.16181359 0.17535402
 0.10518328 0.18660179 0.123337   0.12316002 0.12857443 0.14887215
 0.10675111 0.13113979 0.12181249 0.12047356 0.13729867 0.16444519
 0.12021771 0.14120296 0.1459635  0.17724387 0.13917437 0.12594128
 0.14598776 0.1369025  0.12928733 0.13070934 0.12772286 0.20252085
 0.10646085 0.17507286 0.16386133 0.17350449]","[4 9 9 0 5 2 3 6 1 1 0 2 8 2 1 1 7 5 2 3 4 1 2 9 2 1 3 4 8 9 0 0 4 9 0 2 2
 0 6 8 7 3 3 8 9 0 2 5 3 6 1 3 9 5 0 5 4 4 0 1 1 6 1 7]"
81,1.6961246728897095e-05,0.109375,"[0.14255998 0.153728   0.13671115 0.12861471 0.13151844 0.20937045
 0.12567508 0.15003918 0.1416948  0.11711964 0.16506197 0.12607132
 0.11840301 0.12596297 0.15454979 0.11188141 0.11429849 0.13523677
 0.13966548 0.13899481 0.11445566 0.15738332 0.14105031 0.13579126
 0.14138433 0.15591656 0.10299518 0.17277473 0.10278238 0.17110147
 0.14108844 0.1603855  0.13185832 0.12522623 0.12772645 0.18643165
 0.12668316 0.13473944 0.1254597  0.13908383 0.12215725 0.14089486
 0.1423638  0.1434301  0.17866477 0.13715927 0.13640867 0.11754038
 0.14616852 0.13280411 0.11932085 0.13961828 0.12584998 0.13462575
 0.17417786 0.1337014  0.13472852 0.12522492 0.12271722 0.16279398
 0.1023697  0.13416123 0.10243085 0.17126532]","[4 8 6 1 7 1 3 5 4 3 3 9 7 8 2 5 5 4 5 4 5 7 2 5 5 1 7 7 8 3 6 0 2 5 2 3 7
 4 2 1 6 8 6 8 3 2 7 7 9 7 1 4 7 4 6 1 7 3 0 0 6 6 8 6]"
82,1.6842037439346313e-05,0.046875,"[0.14607024 0.12204223 0.13524811 0.12857947 0.13865814 0.15891288
 0.13548057 0.13950744 0.13809499 0.11923531 0.13715708 0.1164213
 0.15120572 0.16721627 0.15667248 0.10782854 0.15448534 0.15052047
 0.12411362 0.11601172 0.14772975 0.10387455 0.14845435 0.13447882
 0.17290753 0.11500284 0.12426616 0.10605787 0.13292602 0.15408197
 0.19989742 0.1842886  0.11632459 0.13252056 0.12285291 0.13075371
 0.13915595 0.1139815  0.1519917  0.12954856 0.11945176 0.15222709
 0.20553938 0.15474746 0.12665392 0.12252897 0.13826545 0.1713542
 0.12318493 0.14195053 0.20238245 0.12863821 0.15333901 0.14828609
 0.14998466 0.11195572 0.12818508 0.15028402 0.10530178 0.17163493
 0.12732756 0.132109   0.13166139 0.12069643]","[5 8 7 3 5 7 8 5 7 8 1 5 4 7 0 8 3 2 9 7 4 1 6 5 9 8 5 5 4 1 0 9 4 4 3 0 4
 8 0 8 2 9 5 9 7 4 6 7 9 2 9 3 7 7 8 2 2 0 2 5 3 6 4 7]"
83,1.679360866546631e-05,0.125,"[0.16513538 0.14852579 0.16279761 0.12044402 0.1537048  0.13835658
 0.18590786 0.10705315 0.12684974 0.13667472 0.11636182 0.15523918
 0.13091573 0.12632819 0.21643083 0.1471258  0.14921276 0.13803467
 0.15716656 0.1414121  0.12286498 0.13909674 0.10304459 0.15285575
 0.13980767 0.14296263 0.13372964 0.12534207 0.1282037  0.1398237
 0.14209428 0.15905501 0.10701372 0.11055216 0.16542631 0.13498616
 0.15650003 0.19906434 0.1609222  0.11253433 0.13825183 0.14127864
 0.1528784  0.16971187 0.12045179 0.16267064 0.13377985 0.1225374
 0.12645335 0.10284372 0.19931749 0.1653103  0.15189749 0.12353209
 0.20160434 0.1443622  0.14960437 0.12812449 0.16468388 0.12933603
 0.2053407  0.16312666 0.12756154 0.20164165]","[3 8 8 0 6 7 7 6 7 2 3 2 2 6 2 7 4 0 3 6 2 6 3 3 0 9 5 1 1 5 3 6 4 3 4 1 0
 4 5 5 2 8 9 4 3 1 8 0 1 3 3 4 4 2 9 7 6 8 1 8 9 1 3 1]"
84,1.730397343635559e-05,0.0625,"[0.16079167 0.16032882 0.14187779 0.11982892 0.13109258 0.13580106
 0.16909094 0.13107148 0.1260765  0.12849872 0.15234426 0.1762819
 0.1568895  0.13919507 0.19021718 0.14476854 0.15988982 0.16556893
 0.14724897 0.1690849  0.11425738 0.12032785 0.12271243 0.19284405
 0.11908858 0.16355942 0.16979907 0.15113361 0.15091464 0.11517984
 0.16071658 0.13187812 0.16951112 0.11960031 0.14201976 0.180318
 0.15331846 0.1294178  0.15333477 0.14918067 0.1301456  0.15398383
 0.13190985 0.11132881 0.13859807 0.16499692 0.124293   0.16928406
 0.13068585 0.15716262 0.13655661 0.1714454  0.13676614 0.16432081
 0.11904422 0.12242348 0.16535732 0.15299031 0.11999615 0.14016609
 0.20340227 0.14029591 0.15643364 0.12250628]","[2 2 2 9 7 3 9 4 3 5 4 6 5 6 1 4 3 4 4 3 7 8 3 7 8 0 5 7 6 0 5 4 8 6 8 5 5
 9 9 9 5 0 1 0 8 1 1 8 0 2 2 0 4 6 5 4 9 4 7 9 9 4 5 6]"
85,1.6901642084121704e-05,0.140625,"[0.14981529 0.1258371  0.12909931 0.16147746 0.11166754 0.12315851
 0.13067201 0.14661281 0.12020044 0.19680883 0.12422741 0.15930845
 0.15223333 0.14897446 0.13510604 0.18349813 0.11580706 0.15879631
 0.12602824 0.1664379  0.15866713 0.2024975  0.13174412 0.16342406
 0.13181283 0.1178456  0.1446679  0.15682293 0.12906513 0.11414094
 0.11420251 0.13405156 0.13686343 0.20191479 0.16495247 0.17529786
 0.1340621  0.13975479 0.1531094  0.12384176 0.12340583 0.11628614
 0.17884633 0.14292929 0.1332311  0.13593973 0.13126758 0.15856649
 0.15268458 0.12615928 0.1754881  0.18105043 0.12013171 0.1689165
 0.15595424 0.10387708 0.15767659 0.16386142 0.1446415  0.1727247
 0.16865988 0.11613808 0.16203143 0.12423449]","[5 6 0 2 1 8 1 0 9 3 1 0 5 4 2 3 3 6 7 6 0 0 5 7 4 7 7 0 6 1 3 9 0 9 0 3 8
 4 8 8 4 1 0 2 2 4 1 1 2 4 3 4 1 4 7 1 0 0 9 0 4 2 8 8]"
86,1.6886740922927856e-05,0.046875,"[0.1406108  0.11992197 0.11180404 0.11894473 0.12953988 0.13517737
 0.11382828 0.1186507  0.1512002  0.16272861 0.14619885 0.16122033
 0.13090198 0.10228561 0.1284209  0.13310926 0.14763112 0.16362351
 0.1029465  0.13060993 0.14215933 0.19551583 0.12279877 0.14901534
 0.1490816  0.13766718 0.13120969 0.12648486 0.18546435 0.12279437
 0.12690084 0.13165946 0.13174117 0.2013424  0.12343738 0.15675318
 0.1302871  0.14632168 0.16888128 0.12950271 0.12032183 0.1081142
 0.14620091 0.16302921 0.13028546 0.12917054 0.14324968 0.13290274
 0.13844208 0.1420551  0.13289891 0.13436449 0.11053978 0.13269368
 0.1146538  0.12995519 0.1556036  0.10263982 0.15561421 0.13838741
 0.16027954 0.10305694 0.11451493 0.15027301]","[3 8 8 0 6 6 1 6 3 1 0 9 5 7 9 8 5 7 8 6 7 0 4 9 5 2 4 0 9 6 6 5 4 5 9 2 4
 1 9 5 4 6 5 6 0 9 3 9 7 6 9 8 0 3 8 8 7 7 4 6 7 3 6 3]"
87,1.728534698486328e-05,0.109375,"[0.14146328 0.14864044 0.13926141 0.14465341 0.15405378 0.18008251
 0.1372842  0.11008308 0.11067893 0.186889   0.10465312 0.18401091
 0.13577838 0.16674569 0.13067386 0.16016127 0.11025957 0.123917
 0.12421942 0.1138647  0.18334232 0.11755877 0.17163937 0.16425996
 0.15306617 0.10950373 0.1458543  0.14653467 0.14791735 0.13940361
 0.15500255 0.14748555 0.14653727 0.11545319 0.14048687 0.1031807
 0.12123154 0.13931587 0.15934384 0.20191479 0.12993185 0.10381557
 0.12365802 0.13749844 0.13266402 0.13599516 0.14933468 0.15210804
 0.12655166 0.1437786  0.1479356  0.13530403 0.11734187 0.16565275
 0.14069314 0.12843856 0.1641899  0.1458857  0.15280677 0.15427995
 0.13409944 0.1643662  0.15226488 0.15936571]","[7 7 3 9 7 7 7 2 1 2 8 6 4 0 7 9 8 6 8 4 9 1 7 2 2 8 5 8 1 2 2 4 1 2 5 2 8
 1 8 1 8 6 0 2 4 1 3 6 7 7 4 4 3 3 4 5 2 4 3 7 8 4 4 4]"
88,1.7449259757995605e-05,0.125,"[0.1447424  0.13981928 0.14788209 0.13917339 0.14337674 0.13831756
 0.10936895 0.19003554 0.13063619 0.10995911 0.13594805 0.14103784
 0.18305302 0.13255732 0.18318662 0.1202668  0.13651916 0.10540458
 0.17006461 0.14829692 0.1127049  0.12138079 0.1224106  0.15982614
 0.14280343 0.14251949 0.16628076 0.1529731  0.15510252 0.16445109
 0.11526403 0.14672479 0.13070486 0.14553145 0.13932012 0.13414103
 0.20501001 0.14044155 0.12247939 0.13470651 0.15524682 0.11890623
 0.1341208  0.11793005 0.13234363 0.12077672 0.13359185 0.12429824
 0.17014655 0.12320392 0.17957623 0.14629874 0.17484716 0.13875993
 0.19653971 0.11200942 0.12774257 0.14190425 0.15071994 0.16869895
 0.10730734 0.11613791 0.16684408 0.1273913 ]","[4 7 7 2 6 5 6 9 7 7 5 7 0 8 6 7 8 3 8 9 3 2 9 2 7 4 1 9 7 0 8 1 2 0 6 5 1
 4 2 8 2 8 3 3 1 4 9 8 1 1 7 9 9 4 6 8 5 3 2 2 3 8 5 1]"
89,1.685693860054016e-05,0.078125,"[0.12468311 0.14345914 0.11637171 0.1629272  0.11780964 0.13917638
 0.14333193 0.11634286 0.12661766 0.14704563 0.1804646  0.13663007
 0.13112184 0.11709864 0.13663642 0.13109028 0.13832611 0.13831793
 0.13133377 0.16217062 0.14535828 0.10999736 0.1624996  0.14641689
 0.13747574 0.13015553 0.13858005 0.13568883 0.19328433 0.13009138
 0.13438031 0.10712805 0.14702766 0.15720075 0.13975573 0.13053404
 0.12643391 0.12220351 0.13158338 0.10494258 0.12781902 0.16665074
 0.12745081 0.1348539  0.13237709 0.1430848  0.15219396 0.1331603
 0.13208087 0.12524459 0.1377789  0.11262098 0.11850127 0.1755146
 0.1660085  0.16141526 0.17037202 0.11113615 0.15328272 0.12340243
 0.11325278 0.11993839 0.16958825 0.13832685]","[9 0 2 3 9 8 9 5 0 0 7 6 3 3 8 1 4 0 1 5 4 3 2 6 0 8 8 6 3 3 2 9 7 5 1 6 0
 5 9 9 4 5 9 4 8 3 3 2 5 1 9 5 5 8 1 8 9 7 0 6 3 2 0 2]"
90,1.687183976173401e-05,0.109375,"[0.16754135 0.11788414 0.20659181 0.12072531 0.13051191 0.13577154
 0.12640458 0.15764199 0.12784857 0.1422607  0.1660647  0.12238632
 0.13677827 0.18037765 0.14297214 0.15954131 0.13747741 0.17574847
 0.1625118  0.11058427 0.1063972  0.16528748 0.13396439 0.15536368
 0.11416728 0.1227331  0.14602464 0.15516086 0.14365143 0.14732923
 0.12165593 0.1254065  0.14825906 0.13258594 0.20849417 0.13055567
 0.13703212 0.19684167 0.1409868  0.1742147  0.15033683 0.21437424
 0.10298873 0.13029762 0.14726558 0.13334784 0.13466254 0.13357915
 0.16735059 0.14567877 0.14809327 0.10901224 0.17964454 0.17976874
 0.15583687 0.1601509  0.20446771 0.1506066  0.11685592 0.11863553
 0.15280576 0.12490612 0.10611726 0.17458048]","[3 8 9 5 8 9 8 9 1 6 5 9 4 4 8 0 7 2 9 7 4 1 6 4 4 9 1 2 5 6 0 8 6 1 9 4 5
 9 5 0 7 2 0 0 4 2 6 6 5 5 2 8 1 7 3 1 4 5 6 5 1 4 7 0]"
91,1.7255544662475586e-05,0.109375,"[0.1105632  0.17280485 0.15777546 0.15057553 0.10426319 0.14940752
 0.1604656  0.18268798 0.14588854 0.11988172 0.13672706 0.11630493
 0.13261792 0.14628841 0.2024975  0.12310701 0.12003256 0.10296222
 0.17069891 0.12019041 0.14526567 0.14409481 0.11972713 0.11136721
 0.18156245 0.12374047 0.12407354 0.10300244 0.1408942  0.16078308
 0.1122357  0.19986084 0.11342539 0.1561641  0.12567568 0.12739119
 0.1698121  0.15278473 0.15425289 0.142992   0.1509211  0.13383201
 0.14186424 0.13853604 0.13704121 0.1253047  0.11910922 0.1817228
 0.11908317 0.14617929 0.16990808 0.13196145 0.11897768 0.12351713
 0.13621454 0.10559527 0.12886712 0.13617183 0.12000187 0.11312444
 0.19533601 0.15194073 0.19872439 0.1607293 ]","[9 9 0 6 6 8 1 1 7 4 4 2 3 6 9 6 2 4 1 8 2 3 1 6 8 6 8 5 9 0 1 0 2 9 2 9 0
 9 7 8 5 0 6 6 8 1 6 5 8 7 9 2 1 6 7 5 6 3 0 9 8 9 5 9]"
92,1.6823410987854004e-05,0.078125,"[0.19863486 0.13510196 0.1269687  0.12385204 0.15707831 0.12454287
 0.12561542 0.10311104 0.14605454 0.18183905 0.16452065 0.11780249
 0.12987378 0.11032923 0.14751358 0.14500304 0.11672886 0.1328501
 0.14935476 0.13733456 0.1843787  0.14795099 0.1064384  0.16603045
 0.1376135  0.10682628 0.1583638  0.11399326 0.15614264 0.12179585
 0.19525729 0.15011954 0.10981259 0.15557323 0.11577758 0.15646318
 0.15790124 0.11180924 0.18730624 0.10970149 0.19370301 0.12655285
 0.13674662 0.12770055 0.16715981 0.1396099  0.12217519 0.13361795
 0.12849747 0.119655   0.1633607  0.12676698 0.14039989 0.12418898
 0.10460879 0.14910884 0.16382416 0.14138031 0.11684827 0.16737588
 0.13883391 0.11261323 0.16551642 0.14359426]","[0 6 6 6 9 6 6 8 6 2 4 5 8 1 2 7 6 5 7 8 1 8 0 8 6 9 2 8 9 4 0 9 4 9 5 7 5
 5 9 5 3 0 1 9 7 2 4 1 0 8 0 3 1 7 0 0 4 8 6 2 4 0 0 9]"
93,1.687183976173401e-05,0.046875,"[0.15860218 0.18257165 0.1887309  0.14622627 0.11780637 0.17292802
 0.11838372 0.13593327 0.13055328 0.16571067 0.14089052 0.13165472
 0.19655442 0.13552664 0.16784978 0.14853516 0.18484318 0.1819291
 0.11297842 0.13532118 0.12009721 0.14589478 0.15434143 0.13789232
 0.13671961 0.13520513 0.15464233 0.18652853 0.21212569 0.13258861
 0.20204774 0.12337303 0.15905863 0.14051782 0.1798197  0.11124126
 0.15241161 0.15653296 0.13454631 0.14419305 0.1413809  0.10250048
 0.13270895 0.13110642 0.13680509 0.15610339 0.13982382 0.11974403
 0.10466944 0.14046139 0.16391976 0.20171195 0.14790483 0.18286607
 0.16079746 0.12057587 0.15745361 0.14254636 0.13165727 0.13189137
 0.13795    0.1367312  0.11409295 0.10303462]","[9 7 8 5 4 4 9 4 2 6 6 9 9 7 9 9 0 5 1 1 8 6 9 9 5 6 5 5 9 7 9 4 5 4 3 3 9
 8 8 3 4 8 4 0 4 0 7 2 8 0 2 0 7 4 0 6 3 3 1 7 4 6 5 0]"
94,1.6886740922927856e-05,0.109375,"[0.1715301  0.14763233 0.1277397  0.1645686  0.12409671 0.1424366
 0.1198616  0.15896246 0.11149122 0.12670337 0.13888943 0.15333837
 0.15467258 0.13994455 0.11389858 0.17304406 0.1533421  0.12884931
 0.20382926 0.12620091 0.14823012 0.13590446 0.1399109  0.12826225
 0.15175645 0.11226185 0.19682358 0.14255327 0.10952552 0.13597518
 0.12231177 0.19681644 0.10265744 0.12932196 0.22117932 0.19274963
 0.14818925 0.1224796  0.1738584  0.12572734 0.18227254 0.2040803
 0.12692735 0.16616341 0.13658415 0.10252377 0.14107591 0.11543769
 0.11024764 0.13763888 0.15438287 0.13173474 0.13954447 0.16853596
 0.14184912 0.14962585 0.13987896 0.12461323 0.12919375 0.11636358
 0.10867357 0.1406556  0.13926335 0.14943379]","[1 2 1 4 6 1 5 9 5 0 4 9 4 9 7 1 6 8 0 6 5 0 8 1 7 5 6 9 3 2 3 9 8 6 1 0 9
 0 9 8 7 7 5 2 3 5 5 7 8 7 6 9 1 9 8 6 5 6 7 5 6 7 2 5]"
95,1.7464160919189453e-05,0.09375,"[0.20466135 0.12243599 0.11786522 0.154971   0.16638944 0.10332621
 0.15684263 0.16342455 0.15019304 0.1310294  0.13823937 0.16530728
 0.12351712 0.12227143 0.16708797 0.15809116 0.1407655  0.10523042
 0.15239428 0.11071341 0.16311069 0.13483904 0.13066253 0.11405721
 0.17673354 0.19118327 0.17917453 0.11101934 0.16561548 0.12618563
 0.14367847 0.10308402 0.14178833 0.20512895 0.11112146 0.20121507
 0.1151574  0.142948   0.17250377 0.1666926  0.12230787 0.16825704
 0.1424359  0.12605737 0.14012255 0.1678925  0.11208213 0.14474241
 0.14497578 0.20290798 0.1411745  0.14170034 0.12717876 0.16489182
 0.10986361 0.12985964 0.16428791 0.159263   0.11243206 0.12715627
 0.12989429 0.13662577 0.13688964 0.14903848]","[7 1 7 4 3 3 4 0 4 2 7 0 2 2 6 6 2 5 2 6 0 6 1 2 9 0 0 1 5 5 1 6 7 8 5 6 3
 3 6 0 9 9 2 2 6 1 4 6 2 5 7 8 8 5 6 4 3 2 3 4 4 4 8 9]"
96,1.6883015632629395e-05,0.046875,"[0.13933605 0.12761372 0.17063293 0.12919565 0.13322636 0.16408227
 0.13077103 0.13723052 0.11072274 0.17757972 0.12420716 0.17679223
 0.15151298 0.1217095  0.14113255 0.16872719 0.10214067 0.20209292
 0.16426884 0.15266585 0.1200908  0.16111656 0.13227856 0.11892779
 0.16491564 0.21660584 0.113638   0.12577058 0.17373475 0.14575443
 0.133889   0.11405239 0.13329996 0.2022585  0.13629858 0.12701945
 0.14858733 0.12545694 0.1190996  0.15931472 0.13067034 0.20173232
 0.14828889 0.10729706 0.1095624  0.14474995 0.17875834 0.11026301
 0.10303379 0.12986912 0.14594609 0.13814133 0.14676341 0.10987563
 0.14238729 0.12302893 0.13752909 0.15752873 0.13957664 0.10743223
 0.11551448 0.13916115 0.145452   0.1342781 ]","[5 4 3 6 7 7 4 3 9 6 2 4 0 1 3 6 4 9 2 6 0 3 8 7 5 3 3 8 3 2 6 3 6 2 7 4 5
 7 9 0 0 6 7 2 8 5 5 7 5 5 9 4 6 4 7 3 3 6 4 1 6 3 1 6]"
97,1.6938894987106323e-05,0.09375,"[0.10990989 0.1624148  0.1171342  0.20394503 0.19469902 0.13169007
 0.20144986 0.13949484 0.13904993 0.13221216 0.13288972 0.13519949
 0.19601776 0.1308585  0.12860692 0.14792353 0.17965187 0.1191192
 0.11597542 0.196375   0.11608141 0.11965401 0.14997986 0.14779699
 0.20201916 0.1676088  0.16504133 0.15212093 0.14474152 0.11412204
 0.14503288 0.19331796 0.12605843 0.20628622 0.14985065 0.1117916
 0.15746449 0.19419253 0.1088137  0.15621632 0.17704158 0.12657408
 0.12423242 0.16051711 0.13078587 0.1354429  0.13896412 0.13345791
 0.14768112 0.12036391 0.14186908 0.20279823 0.15275495 0.14347869
 0.14709303 0.14270474 0.13278809 0.1364815  0.13339949 0.1413187
 0.20043038 0.12296687 0.14433703 0.12274748]","[6 9 8 7 2 0 9 0 8 5 9 4 2 9 8 1 9 1 8 3 7 6 4 2 3 7 0 3 5 8 8 8 7 9 6 2 7
 4 5 7 6 7 1 7 3 6 8 2 6 6 7 1 5 9 7 1 7 0 1 6 3 3 9 0]"
98,1.6983598470687866e-05,0.09375,"[0.11532848 0.1264786  0.13628514 0.13320746 0.12042966 0.152265
 0.16359708 0.11736206 0.12039157 0.11787469 0.1456845  0.15756947
 0.18719457 0.14637002 0.11809303 0.12067126 0.11938941 0.17451116
 0.11338739 0.10882533 0.15788607 0.11495246 0.11469215 0.1553369
 0.11408296 0.13640021 0.12834345 0.12152198 0.14401764 0.18023936
 0.12593006 0.18496154 0.15491928 0.11870024 0.14287761 0.16911486
 0.13882524 0.13673356 0.16552041 0.13752908 0.14269426 0.11615311
 0.16361281 0.10309665 0.14090727 0.12588122 0.12295434 0.16202027
 0.1471932  0.1717052  0.20226961 0.13175227 0.12262548 0.15637882
 0.14042662 0.15494741 0.15526786 0.11728173 0.13803405 0.11975388
 0.13455492 0.20451082 0.10365079 0.12211268]","[9 6 6 7 0 1 0 1 3 2 5 6 1 2 5 1 9 9 8 6 8 6 8 9 0 4 0 3 3 6 4 9 9 7 2 3 5
 6 4 6 0 3 7 5 0 2 9 2 7 2 9 2 4 0 6 6 3 4 5 5 9 1 1 4]"
99,1.7404556274414062e-05,0.125,"[0.13166548 0.14727153 0.14069511 0.13758045 0.15822384 0.1656447
 0.10862924 0.12597784 0.10383405 0.14157891 0.14547402 0.20829175
 0.15585142 0.14336497 0.16636553 0.12856783 0.1410053  0.16935386
 0.14647739 0.1725439  0.14885223 0.15883379 0.14753006 0.13086915
 0.10498663 0.13721594 0.12301435 0.16187592 0.19362271 0.15818273
 0.12475245 0.14456126 0.12029239 0.13253976 0.10971582 0.19338308
 0.19646175 0.13865986 0.16828069 0.15673406 0.12884362 0.13993873
 0.14492755 0.11344545 0.18252115 0.11896903 0.17200616 0.12063474
 0.14576872 0.20142148 0.12791717 0.11259495 0.17047225 0.15014254
 0.14531706 0.20212354 0.1287355  0.14116314 0.14289354 0.13985647
 0.15552364 0.1506385  0.14112109 0.12935756]","[5 5 0 4 0 8 6 2 5 9 2 9 1 1 5 4 7 5 8 6 2 1 5 5 3 4 1 8 9 9 8 9 8 6 8 5 8
 9 4 6 2 6 3 7 4 0 0 1 7 5 1 5 9 3 1 6 8 7 3 6 9 1 2 0]"
